651229,ÐLBD Số 49,"1 Đường Bãi Dương, Phường Vĩnh Hải, Thành phố Nha Trang"
652970,GD cấp 3 Hòn Khói,"Khu Phú Thọ 2, Xã Ninh Diêm, Huyện Ninh Hoà"
653009,ÐLBD Ninh Hòa 12,"Thôn Bình Sơn, Xã Ninh Thọ, Huyện Ninh Hoà"
653570,GD cấp 3 Đại Lãnh,"Thôn Đông Nam, Xã Đại Lãnh, Huyện Vạn Ninh"
652950,BĐVHX Ninh Đa,"Khu Phước Sơn, Xã Ninh Đa, Huyện Ninh Hoà"
653028,ÐLBD Ninh Hòa 18,"Thôn Đông Hải, Xã Ninh Hải, Huyện Ninh Hoà"
652931,ÐLBD Ninh Hòa 20,"89B Đường Trần Quý Cáp, Thị Trấn Ninh Hoà, Huyện Ninh Hoà"
651231,ÐLBD Số 60,"Đường Bãi Dương, Phường Vĩnh Hải, Thành phố Nha Trang"
652284,ÐLBD Số 29,"Ô11 Lô 352 Đường Lê Hồng Phong, Phường Phước Long, Thành phố Nha Trang"
652177,ÐLBD Số 35,"Đường Biệt Thự, Phường Lộc Thọ, Thành phố Nha Trang"
654200,GD cấp 2 Khánh Sơn,"Đường Lê Duẩn, Thị Trấn Tô Hạp, Huyện Khánh Sơn"
651560,GD cấp 3 Phương Sài,"2 Đường Phương Sài, Phường Phương Sài, Thành phố Nha Trang"
652394,ÐLBD Số 66,"453 Đường Lê Hồng Phong, Phường Phước Long, Thành phố Nha Trang"
652440,GD cấp 3 Hòn Rớ,"Thôn Phước Hạ, Xã Phước Đồng, Thành phố Nha Trang"
652981,ÐLBD Ninh Hòa 3,"Thôn Mỹ Á, Xã Ninh Thủy, Huyện Ninh Hoà"
651710,GD cấp 3 Vĩnh Thạnh,"Thôn Phú Thạnh, Xã Vĩnh Thạnh, Thành phố Nha Trang"
652060,BĐVHX Vĩnh Thái,"Thôn Thái Thông, Xã Vĩnh Thái, Thành phố Nha Trang"
653326,BĐVHX Ninh Hà,"Thôn Thuận Lợi, Xã Ninh Hà, Huyện Ninh Hoà"
651260,GD cấp 3 Chợ Đầm,"Đường Phan Bội Châu, Phường Vạn Thạnh, Thành phố Nha Trang"
652261,ÐLBD Số 61,"51 Đường Nguyễn Thị Minh Khai, Phường Tân Lập, Thành phố Nha Trang"
651529,ÐLBD Số 46,"41 Đường Yết Kiêu, Phường Vạn Thắng, Thành phố Nha Trang"
651627,ÐLBD Số 63,"132 Đường Phương Sài, Phường Phương Sài, Thành phố Nha Trang"
652488,BĐVHX Đảo Bích Đầm,"Khóm Bích Đầm, Phường Vĩnh Nguyên, Thành phố Nha Trang"
654270,BĐVHX Ba Cụm Nam,"Thôn 1, Xã Ba Cụm Nam, Huyện Khánh Sơn"
653000,BĐVHX Ninh Thọ,"Thôn Lạc An, Xã Ninh Thọ, Huyện Ninh Hoà"
651270,GD cấp 3 Vạn Thạnh,"12 Đường Trần Quý Cáp, Phường Vạn Thạnh, Thành phố Nha Trang"
650000,GD cấp 1 Nha Trang,"04 Đường Lê Lợi, Phường Xương Huân, Thành phố Nha Trang"
651191,ÐLBD Số 3,"Đường 2/4, Phường Vĩnh Hải, Thành phố Nha Trang"
652090,GD cấp 3 Hoàng Hoa Thám,"9 Đường Hoàng Hoa Thám, Phường Lộc Thọ, Thành phố Nha Trang"
653790,BĐVHX Diên Lạc,"Thôn Thanh Minh 2, Xã Diên Lạc, Huyện Diên Khánh"
652976,ÐLBD Ninh Hòa 25,"Khu Phú Thọ 2, Xã Ninh Diêm, Huyện Ninh Hoà"
654220,BĐVHX Sơn Trung,"Thôn 1, Xã Sơn Trung, Huyện Khánh Sơn"
651100,GD cấp 3 Tháp Bà,"Cụm Cù Lao Thượng, Phường Vĩnh Thọ, Thành phố Nha Trang"
654140,BĐVHX Khánh Phú,"Thôn Giang Mương, Xã Khánh Phú, Huyện Khánh Vĩnh"
652220,GD cấp 3 Tân Lập,"83 Đường Ngô Gia Tự, Phường Tân Lập, Thành phố Nha Trang"
653180,GD cấp 3 Ninh Xuân,"Thôn Phước Lâm, Xã Ninh Xuân, Huyện Ninh Hoà"
652179,ÐLBD Số 42,"30/1 Ngõ Số 1, Đường Hùng Vương, Phường Lộc Thọ, Thành phố Nha Trang"
653310,ÐLBD Ninh Hòa 21,"Thôn Phong Phú 1, Xã Ninh Giang, Huyện Ninh Hoà"
651049,ÐLBD Số 88,"9 Dãy nhà A, Khu chung cư Chợ Đầm, Phường Xương Huân, Thành phố Nha Trang"
651342,ÐLBD Số 85,"81 Đường Nguyễn Thái Học, Phường Vạn Thạnh, Thành phố Nha Trang"
653621,ÐLBD Vạn Ninh 3,"Thôn Mỹ Đồng, Xã Vạn Lương, Huyện Vạn Ninh"
651440,GD cấp 3 Đồng Đế 1,"Thôn Đông, Xã Vĩnh Phương, Thành phố Nha Trang"
653678,ÐLBD Vạn Ninh 8,"32 Đường Đinh Tiên Hoàng, Thị Trấn Vạn Giã, Huyện Vạn Ninh"
653925,ÐLBD Diên Khánh 5,"Thôn Phú Ân Nam 2, Xã Diên An, Huyện Diên Khánh"
650100,KT cấp 1 Nha Trang,"04 Đường Lê Lợi, Phường Xương Huân, Thành phố Nha Trang"
653620,BĐVHX Vạn Lương,"Thôn Mỹ Đồng, Xã Vạn Lương, Huyện Vạn Ninh"
651131,ÐLBD Số 21,"24/6 Đường Nguyễn Đình Chiểu, Phường Vĩnh Phước, Thành phố Nha Trang"
651340,ÐLBD Số 73,"01 Đường Phương Câu, Phường Vạn Thạnh, Thành phố Nha Trang"
652151,ÐLBD số 82,"50 Đường Lê Thánh Tôn, Phường Lộc Thọ, Thành phố Nha Trang"
653720,GD cấp 3 Ngã Ba Thành,"Khóm Phan Bội Châu, Thị Trấn Diên Khánh, Huyện Diên Khánh"
653805,ÐLBD Diên Khánh 04,"Thôn Phò Thiện, Xã Diên Phước, Huyện Diên Khánh"
651250,GD cấp 3 Vĩnh Lương,"Thôn Lương Hòa, Xã Vĩnh Lương, Thành phố Nha Trang"
653201,ÐLBD Ninh Hòa 9,"Thôn Bình Thành, Xã Ninh Bình, Huyện Ninh Hoà"
654230,BĐVHX Sơn Hiệp,"Thôn 2, Xã Sơn Hiệp, Huyện Khánh Sơn"
653191,ÐLBD Ninh Hòa 6,"Thôn Tân Khánh 1, Xã Ninh Sim, Huyện Ninh Hoà"
652080,GD cấp 3 Nguyễn Thiện Thuật,"46 Đường Nguyễn Thiện Thuật, Phường Lộc Thọ, Thành phố Nha Trang"
651230,ÐLBD Số 57,"Đường 2/4, Phường Vĩnh Hải, Thành phố Nha Trang"
651441,BĐVHX Vĩnh Phương,"Thôn Trung, Xã Vĩnh Phương, Thành phố Nha Trang"
652550,GD cấp 3 Đường Đệ,"Đường Nam Hòn Khô, Phường Vĩnh Hoà, Thành phố Nha Trang"
653120,BĐVHX Ninh Thân,"Thôn Đại Mỹ, Xã Ninh Thân, Huyện Ninh Hoà"
654010,KT cấp 2 Khánh Vĩnh,"09 Đường 2tháng 8, Thị Trấn Khánh Vĩnh, Huyện Khánh Vĩnh"
654040,BĐVHX Khánh Đông,"Thôn Suối Sâu, Xã Khánh Đông, Huyện Khánh Vĩnh"
651000,ÐLBD Số 2,"Đường Lê Lợi, Phường Xương Huân, Thành phố Nha Trang"
653641,BĐVHX Vạn Hưng,"Thôn Xuân Đông, Xã Vạn Hưng, Huyện Vạn Ninh"
653101,ÐLBD Ninh Hòa 4,"Thôn Xuân Hòa, Xã Ninh Phụng, Huyện Ninh Hoà"
651192,ÐLBD Số 16,"Tổ 2 Cụm Tây Bắc 1, Phường Vĩnh Hải, Thành phố Nha Trang"
653260,BĐVHX Ninh Lộc,"Thôn Mỹ Lợi, Xã Ninh Lộc, Huyện Ninh Hoà"
653610,BĐVHX Vạn Phú,"Thôn Phú Cang 2, Xã Vạn Phú, Huyện Vạn Ninh"
654706,ÐLBD Cam Ranh 13,"Thôn Hòa Diêm, Xã Cam Thịnh Đông, Thị xã Cam Ranh"
652900,GD cấp 2 Ninh Hòa,"450 Đường Trần Quý Cáp, Thị Trấn Ninh Hoà, Huyện Ninh Hoà"
653840,BĐVHX Diên Tân,"Thôn Cây Sung, Xã Diên Tân, Huyện Diên Khánh"
655251,ÐLBD Cam Ranh 10,"Thôn Bãi Giếng 2, Xã Cam Hải Tây, Huyện Cam Lâm"
654701,BĐVHX Cam Thịnh Đông,"Thôn Hiệp Thanh, Xã Cam Thịnh Đông, Thị xã Cam Ranh"
654511,ÐLBD Cam Phúc Nam 1,"Khóm 1, Phường Cam Phúc Nam, Thị xã Cam Ranh"
651173,ÐLBD Số 89,"17 Đường 2/4, Phường Vĩnh Phước, Thành phố Nha Trang"
652930,KT cấp 2 Ninh Hòa,"450 Đường Trần Quý Cáp, Thị Trấn Ninh Hoà, Huyện Ninh Hoà"
654721,BĐVHX Bình Hưng,"Thôn Bình Hưng, Xã Cam Bình, Thị xã Cam Ranh"
652490,ÐLBD Số 69,"228 Đường Dã Tượng, Phường Vĩnh Nguyên, Thành phố Nha Trang"
653860,BĐVHX Suối Tiên,"Thôn Xuân Phú 2, Xã Suối Tiên, Huyện Diên Khánh"
651570,GD cấp 3 Thái Nguyên,"88 Đường Lý Thánh Tôn, Phường Phương Sài, Thành phố Nha Trang"
653351,ÐLBD Ninh Hòa 2,"Thôn Mỹ Giang, Xã Ninh Phước, Huyện Ninh Hoà"
654470,ÐLBD Cam Lộc 1,"Đường Quốc Lộ I, Phường Cam Lộc, Thị xã Cam Ranh"
652980,BĐVHX Ninh Thủy,"Thôn Phú Thạnh, Xã Ninh Thủy, Huyện Ninh Hoà"
654080,BĐVHX Giang Ly,"Thôn Gia Rít, Xã Giang Ly, Huyện Khánh Vĩnh"
653640,GD cấp 3 Xuân Tự,"Thôn Xuân Tự, Xã Vạn Hưng, Huyện Vạn Ninh"
652035,ÐLBD Số 47,"121 Đường Lê Hồng Phong, Phường Phước Hoà, Thành phố Nha Trang"
652070,GD cấp 3 Lê Thánh Tôn,"50 Đường Lê Thánh Tôn, Phường Lộc Thọ, Thành phố Nha Trang"
653710,KT cấp 2 Diên Khánh,"91 Đường Lý Tự Trọng, Thị Trấn Diên Khánh, Huyện Diên Khánh"
651256,ÐLBD Số 78,"Thôn Văn Đăng, Xã Vĩnh Lương, Thành phố Nha Trang"
651740,GD cấp 3 Lê Hồng Phong,"51 Đường Lê Hồng Phong, Phường Phước Tân, Thành phố Nha Trang"
651771,ÐLBD Số 52,"Ngõ 49, Đường Lê Hồng Phong, Phường Phước Tân, Thành phố Nha Trang"
651171,ÐLBD Số 54,"Tổ 1, Cụm Tháp Bà, Phường Vĩnh Phước, Thành phố Nha Trang"
655260,BĐVHX Cam Hiệp Bắc,"Thôn Trung Hiệp 1, Xã Cam Hiệp Bắc, Huyện Cam Lâm"
654510,GD cấp 3 Cam Phúc,"Khóm 3, Phường Cam Phúc Nam, Thị xã Cam Ranh"
653642,ÐLBD Xuân Đông,"Thôn Xuân Đông, Xã Vạn Hưng, Huyện Vạn Ninh"
654030,BĐVHX Khánh Trung,"Thôn Suối Cá, Xã Khánh Trung, Huyện Khánh Vĩnh"
654210,KT cấp 2 Khánh Sơn,"Đường Lê Duẩn, Thị Trấn Tô Hạp, Huyện Khánh Sơn"
651001,ÐLBD Số 9,"Đường Lê Lợi, Phường Xương Huân, Thành phố Nha Trang"
653240,BĐVHX Ninh Tân,"Thôn Trung, Xã Ninh Tân, Huyện Ninh Hoà"
653750,BĐVHX Diên Sơn,"Thôn Nam 1, Xã Diên Sơn, Huyện Diên Khánh"
652510,GD cấp 3 Bình Tân,"Đường Tân Hải, Phường Vĩnh Trường, Thành phố Nha Trang"
652259,ÐLBD Số 43,"62 Đường Trịnh Phong, Phường Tân Lập, Thành phố Nha Trang"
653190,GD cấp 3 Dục Mỹ,"Thôn Tân Khánh 1, Xã Ninh Sim, Huyện Ninh Hoà"
652282,ÐLBD Số 24,"1A Đường Lê Hồng Phong Nối Dài, Phường Phước Long, Thành phố Nha Trang"
654681,ÐLBD Cam Ranh 4,"Thôn Tân Hiệp, Xã Cam Phước Đông, Thị xã Cam Ranh"
655270,BĐVHX Cam Hiệp Nam,"Thôn Vĩnh Thái, Xã Cam Hiệp Nam, Huyện Cam Lâm"
655313,ÐLBD Cam Ranh 18,"Thôn Tân Phú, Xã Cam Thành Bắc, Huyện Cam Lâm"
653100,BĐVHX Ninh Phụng,"Thôn Nghi Phụng, Xã Ninh Phụng, Huyện Ninh Hoà"
653630,BĐVHX Xuân Sơn,"Thôn Xuân Trang, Xã Xuân Sơn, Huyện Vạn Ninh"
652281,ÐLBD Số 23,"1 Đường Số 9, Phường Phước Long, Thành phố Nha Trang"
653530,BĐVHX Vạn Thắng,"Thôn Phú Hội 2, Xã Vạn Thắng, Huyện Vạn Ninh"
653627,ÐLBD Vạn Ninh 7,"Thôn Quảng Phước, Xã Vạn Lương, Huyện Vạn Ninh"
652243,ÐLBD số 87,"25 Đường Trần Nguyên Hãn, Phường Tân Lập, Thành phố Nha Trang"
651773,ÐLBD Số 64,"33A Ngõ 27, Đường Lạc Long Quân, Phường Phước Tân, Thành phố Nha Trang"
653550,GD cấp 3 Tu Bông,"Thôn Long Hòa, Xã Vạn Long, Huyện Vạn Ninh"
654051,ÐLBD Khánh Vĩnh 1,"Thôn Bến Khế, Xã Khánh Bình, Huyện Khánh Vĩnh"
652221,ÐLBD Số 4,"Đường Ngô Gia Tự, Phường Tân Lập, Thành phố Nha Trang"
653021,ÐLBD Ninh Hòa 11,"Thôn Bình Tây 1, Xã Ninh Hải, Huyện Ninh Hoà"
653250,BĐVHX Ninh Hưng,"Thôn Phú Đa, Xã Ninh Hưng, Huyện Ninh Hoà"
653360,BĐVHX Ninh Vân,"Thôn Đông, Xã Ninh Vân, Huyện Ninh Hoà"
653770,GD cấp 3 Diên Xuân,"Thôn Xuân Đông, Xã Diên Xuân, Huyện Diên Khánh"
653747,ÐLBD Diên Khánh 9,"Thôn Đại Điền Trung 1, Xã Diên Điền, Huyện Diên Khánh"
654409,ÐLBD Cam Ranh 11,"Đường Quốc Lộ I, Phường Ba Ngòi, Thị xã Cam Ranh"
651170,ÐLBD Số 39,"241 Đường 2/4 Hà Phước, Phường Vĩnh Phước, Thành phố Nha Trang"
655200,GD cấp 2 Cam Lâm,"Thôn Nghĩa Bắc, Thị trấn Cam Đức, Huyện Cam Lâm"
653830,BĐVHX Diên Lộc,"Thôn Mỹ Lộc, Xã Diên Lộc, Huyện Diên Khánh"
655300,BĐVHX Cam Tân,"Thôn Phú Bình 2, Xã Cam Tân, Huyện Cam Lâm"
651724,BĐVHX Vĩnh Hiệp,"Thôn Vĩnh Châu, Xã Vĩnh Hiệp, Thành phố Nha Trang"
654491,ÐLBD Cam Ranh 6,"Khóm Phú Thịnh, Phường Cam Phú, Thị xã Cam Ranh"
653884,BĐVHX Diên Thạnh,"Thôn Phú Khánh Thượng, Xã Diên Thạnh, Huyện Diên Khánh"
654542,ÐLBD Cam Ranh 29,"Khóm Mỹ Ca, Phường Cam Nghĩa, Thị xã Cam Ranh"
654250,BĐVHX Thành Sơn,"Thôn 3, Xã Thành Sơn, Huyện Khánh Sơn"
654480,ÐLBD Cam Ranh 26,"44 Đường Nguyễn Thái Học, Phường Cam Lộc, Thị xã Cam Ranh"
653590,BĐVHX Vạn Thạnh,"Thôn Đầm Môn, Xã Vạn Thạnh, Huyện Vạn Ninh"
654240,BĐVHX Sơn Lâm,"Thôn 3, Xã Sơn Lâm, Huyện Khánh Sơn"
654520,ÐLBD Cam Ranh 7,"Khóm 6, Phường Cam Phúc Bắc, Thị xã Cam Ranh"
654050,BĐVHX Khánh Bình,"Thôn Bến Khế, Xã Khánh Bình, Huyện Khánh Vĩnh"
654100,BĐVHX Sơn Thái,"Thôn Bố Lang, Xã Sơn Thái, Huyện Khánh Vĩnh"
654260,BĐVHX Sơn Bình,"Thôn Xóm Có, Xã Sơn Bình, Huyện Khánh Sơn"
651233,ÐLBD số 86,"10A Đường Bắc Sơn, Phường Vĩnh Hải, Thành phố Nha Trang"
652130,ÐLBD Số 67,"1/29 Đường Trần Quang Khải, Phường Lộc Thọ, Thành phố Nha Trang"
654072,BĐVHX Khánh Thượng,"Thôn Đa Râm, Xã Khánh Thượng, Huyện Khánh Vĩnh"
654290,ÐLBD Khanh Sơn 3,"Thôn 1, Xã Ba Cụm Bắc, Huyện Khánh Sơn"
654430,KT cấp 2 Cam Ranh,"01 Đường Nguyễn Trọng Kỷ, Phường Cam Lợi, Thị xã Cam Ranh"
654124,BĐVHX Khánh Thành,"Thôn Giòng Cạo, Xã Khánh Thành, Huyện Khánh Vĩnh"
653540,BĐVHX Vạn Khánh,"Thôn Nhơn Thọ, Xã Vạn Khánh, Huyện Vạn Ninh"
653800,GD cấp 3 Diên Phước,"Thôn An Định, Xã Diên Phước, Huyện Diên Khánh"
653890,GD cấp 3 Suối Hiệp,"Thôn Cư Thạnh, Xã Suối Hiệp, Huyện Diên Khánh"
654090,BĐVHX Cầu Bà,"Thôn Đá Trắng, Xã Cầu Bà, Huyện Khánh Vĩnh"
652160,ÐLBD Nha Trang 84,"63 Đường Hùng Vương, Phường Lộc Thọ, Thành phố Nha Trang"
653010,ÐLBD Ninh Hòa 14,"Thôn Lạc Ninh, Xã Ninh Thọ, Huyện Ninh Hoà"
651772,ÐLBD Số 55,"96 Đường Nguyễn Trãi, Phường Phước Tân, Thành phố Nha Trang"
652441,GD cấp 3 Phước Đồng,"Thôn Phước Hạ, Xã Phước Đồng, Thành phố Nha Trang"
652460,GD cấp 3 Trí Nguyên,"Khóm Trí Nguyên, Phường Vĩnh Nguyên, Thành phố Nha Trang"
654540,ÐLBD Cam Ranh 21,"Khóm Nghĩa Phú, Phường Cam Nghĩa, Thị xã Cam Ranh"
655312,ÐLBD Cam Ranh 17,"Thôn Tân Quí, Xã Cam Thành Bắc, Huyện Cam Lâm"
654527,ÐLBD Cam Ranh 27,"Tổ Hòa Do 5, Phường Cam Phúc Bắc, Thị xã Cam Ranh"
653585,ÐLBD Vạn Ninh 10,"Thôn Tuần Lễ, Xã Vạn Thọ, Huyện Vạn Ninh"
653649,ÐLBD Vạn Ninh 11,"Thôn Xuân Tự, Xã Vạn Hưng, Huyện Vạn Ninh"
653050,GD cấp 3 Lạc An,"Thôn Ninh Ích, Xã Ninh An, Huyện Ninh Hoà"
654516,GD cấp 3 Cam Phúc Nam,"Đường Quốc lộ 1, Phường Cam Phúc Nam, Thị xã Cam Ranh"
655311,ÐLBD Cam Ranh 16,"Thôn Tân Phú, Xã Cam Thành Bắc, Huyện Cam Lâm"
653020,BĐVHX Ninh Hải,"Thôn Bình Tây 1, Xã Ninh Hải, Huyện Ninh Hoà"
654541,GD cấp 3 Cảng Hàng Không,"Khóm Nghĩa Cam Đông, Phường Cam Nghĩa, Thị xã Cam Ranh"
654428,ÐLBD Cam Ranh 14,"Đường Nguyễn Trọng Kỷ, Phường Cam Lợi, Thị xã Cam Ranh"
653040,BĐVHX Ninh Đông,"Thôn Quang Đông, Xã Ninh Đông, Huyện Ninh Hoà"
655290,BĐVHX Cam Phước Tây,"Thôn Tân Lập, Xã Cam Phước Tây, Huyện Cam Lâm"
652453,ÐLBD Số 10,"18B Đường Dã Tượng, Phường Vĩnh Nguyên, Thành phố Nha Trang"
655352,ÐLBD Diên Khánh 2,"Thôn Đồng Câu, Xã Suối Tân, Huyện Cam Lâm"
652920,GD cấp 3 Ngã Ba Trong,"Thôn 1, Thị Trấn Ninh Hoà, Huyện Ninh Hoà"
654530,GD cấp 3 Mỹ Ca,"Khóm Mỹ Ca, Phường Cam Nghĩa, Thị xã Cam Ranh"
653090,BĐVHX Ninh Sơn,"Thôn 3, Xã Ninh Sơn, Huyện Ninh Hoà"
654060,BĐVHX Khánh Hiệp,"Thôn Hòn Lay, Xã Khánh Hiệp, Huyện Khánh Vĩnh"
653070,BĐVHX Ninh Trung,"Thôn Phú Văn, Xã Ninh Trung, Huyện Ninh Hoà"
655350,GD cấp 3 Suối Tân,"Thôn Vĩnh Phú, Xã Suối Tân, Huyện Cam Lâm"
651117,ÐLBD Số 62,"36 Cụm Sơn Phước, Phường Vĩnh Thọ, Thành phố Nha Trang"
651130,GD cấp 3 Nguyễn Đình Chiểu,"Đường Nguyễn Đình Chiểu, Phường Vĩnh Phước, Thành phố Nha Trang"
652283,ÐLBD Số 25,"26 Đường Phước Long, Phường Phước Long, Thành phố Nha Trang"
652450,GD cấp 3 Vĩnh Nguyên,"15 Đường Trần Phú, Phường Vĩnh Nguyên, Thành phố Nha Trang"
652919,ÐLBD Ninh Hòa 16,"Thôn 2, Thị Trấn Ninh Hoà, Huyện Ninh Hoà"
652451,ÐLBD Số 68,"69A Đường Số 9, Phường Phước Long, Thành phố Nha Trang"
654020,BĐVHX Khánh Nam,"Thôn Hòn Dù, Xã Khánh Nam, Huyện Khánh Vĩnh"
653926,ÐLBD Diên Khánh 7,"Thôn Phú Ân Nam 1, Xã Diên An, Huyện Diên Khánh"
653108,ÐLBD Ninh Hòa 23,"Thôn Xuân Hòa, Xã Ninh Phụng, Huyện Ninh Hoà"
654680,GD cấp 3 Cam Phước Đông,"Thôn Thống Nhất, Xã Cam Phước Đông, Thị xã Cam Ranh"
651339,ÐLBD Số 65,"56 Đường Sinh Trung, Phường Vạn Thạnh, Thành phố Nha Trang"
653140,BĐVHX Ninh Thượng,"Thôn 1, Xã Ninh Thượng, Huyện Ninh Hoà"
653220,BĐVHX Ninh Quang,"Thôn Thanh Mỹ, Xã Ninh Quang, Huyện Ninh Hoà"
653820,BĐVHX Diên Hòa,"Thôn Quang Thạnh, Xã Diên Hoà, Huyện Diên Khánh"
653910,BĐVHX Diên Toàn,"Thôn Phước Thạch, Xã Diên Toàn, Huyện Diên Khánh"
652072,ÐLBD Số 32,"5 Đường Nguyễn Chánh, Phường Lộc Thọ, Thành phố Nha Trang"
652452,ÐLBD Số 1,"310A Đường Dã Tượng, Phường Vĩnh Nguyên, Thành phố Nha Trang"
655211,GD cấp 3 Cam An Nam,"Thôn Vĩnh Trung, Xã Cam An Nam, Huyện Cam Lâm"
653500,GD cấp 2 Vạn Ninh,"Khóm 4, Thị Trấn Vạn Giã, Huyện Vạn Ninh"
653850,BĐVHX Diên Bình,"Thôn Hội Phước, Xã Diên Bình, Huyện Diên Khánh"
653350,GD cấp 3 Ninh Phước,"Thôn Ninh Yển, Xã Ninh Phước, Huyện Ninh Hoà"
651424,ÐLBD Số 76,"Thôn Hòn Nghê, Xã Vĩnh Ngọc, Thành phố Nha Trang"
651448,ÐLBD Số 40,"Khu phố Vĩnh Thành, Xã Vĩnh Phương, Thành phố Nha Trang"
654000,GD cấp 2 Khánh Vĩnh,"09 Đường 2tháng 8, Thị Trấn Khánh Vĩnh, Huyện Khánh Vĩnh"
653046,ÐLBD Ninh Hòa 22,"Thôn Quang Đông, Xã Ninh Đông, Huyện Ninh Hoà"
655281,BĐVHX Lập Định,"Thôn Lập Định, Xã Cam Hoà, Huyện Cam Lâm"
655280,GD cấp 3 Cam Hòa,"Thôn Cửu Lợi, Xã Cam Hoà, Huyện Cam Lâm"
653129,ÐLBD Ninh Hòa 17,"Thôn Đại Tập, Xã Ninh Thân, Huyện Ninh Hoà"
653502,ÐLBD Vạn Ninh 4,"Khóm 5, Thị Trấn Vạn Giã, Huyện Vạn Ninh"
653560,BĐVHX Vạn Phước,"Thôn Tân Phước Trung, Xã Vạn Phước, Huyện Vạn Ninh"
653300,BĐVHX Ninh Giang,"Thôn Mỹ Chánh, Xã Ninh Giang, Huyện Ninh Hoà"
653200,BĐVHX Ninh Bình,"Thôn Phong Ấp, Xã Ninh Bình, Huyện Ninh Hoà"
653202,ÐLBD Ninh Hòa 10,"65 Đường Trần Quý Cáp, Thị Trấn Ninh Hoà, Huyện Ninh Hoà"
653780,BĐVHX Diên Đồng,"Thôn 1, Xã Diên Đồng, Huyện Diên Khánh"
655210,KT cấp 2 Cam Lâm,"Thôn Nghĩa Bắc, Thị trấn Cam Đức, Huyện Cam Lâm"
655340,GD cấp 3 Suối Dầu,"Thôn Khánh Thành, Xã Suối Cát, Huyện Cam Lâm"
654214,ÐLBD Khánh Sơn 2,"Đường Trần Phú, Thị Trấn Tô Hạp, Huyện Khánh Sơn"
654720,BĐVHX Cam Bình,"Thôn Bình Ba, Xã Cam Bình, Thị xã Cam Ranh"
653740,BĐVHX Diên Điền,"Thôn Đại Điền Đông 1, Xã Diên Điền, Huyện Diên Khánh"
651190,GD cấp 3 Đồng Đế,"Đường 2/4, Phường Vĩnh Hải, Thành phố Nha Trang"
653760,BĐVHX Diên Lâm,"Thôn Hạ, Xã Diên Lâm, Huyện Diên Khánh"
653714,ÐLBD Diên Khánh 10,"Khóm Phú Lộc Đông, Thị Trấn Diên Khánh, Huyện Diên Khánh"
653920,BĐVHX Diên An,"Thôn Phú Ân Nam 1, Xã Diên An, Huyện Diên Khánh"
653501,ÐLBD Vạn Ninh 2,"Khóm 1, Thị Trấn Vạn Giã, Huyện Vạn Ninh"
651193,ÐLBD Số 28,"97/2 Đường Mai Xuân Thưởng, Phường Vĩnh Hải, Thành phố Nha Trang"
653730,BĐVHX Diên Phú,"Thôn 3, Xã Diên Phú, Huyện Diên Khánh"
655240,BĐVHX Cam Hải Đông,"Thôn Thủy Triều, Xã Cam Hải Đông, Huyện Cam Lâm"
654453,ÐLBD Cam Ranh 12,"Đường Nguyễn Trọng Kỷ, Phường Cam Linh, Thị xã Cam Ranh"
654130,BĐVHX Sông Cầu,"Thôn Đông, Xã Sông Cầu, Huyện Khánh Vĩnh"
653600,BĐVHX Vạn Bình,"Thôn Trung Dõng 1, Xã Vạn Bình, Huyện Vạn Ninh"
651626,ÐLBD Số 58,"9 Đường Thái Nguyên, Phường Phương Sài, Thành phố Nha Trang"
652454,ÐLBD Số 18,"18 Đường Trần Phú Cầu Đá, Phường Vĩnh Nguyên, Thành phố Nha Trang"
651132,ÐLBD Số 22,"90A Đường 2/4, Phường Vĩnh Phước, Thành phố Nha Trang"
655342,ÐLBD Diên Khánh 6,"Thôn Khánh Thành, Xã Suối Cát, Huyện Cam Lâm"
655351,ÐLBD Diên Khánh 1,"Thôn Cây Xoài, Xã Suối Tân, Huyện Cam Lâm"
651730,BĐVHX Vĩnh Trung,"Thôn Võ Cang, Xã Vĩnh Trung, Thành phố Nha Trang"
653160,BĐVHX Ninh Tây,"Khu Xóm Mới, Xã Ninh Tây, Huyện Ninh Hoà"
654517,ÐLBD Cam Ranh 24,"Khóm 3, Phường Cam Phúc Nam, Thị xã Cam Ranh"
654700,GD cấp 3 Mỹ Thanh,"Thôn Mỹ Thanh, Xã Cam Thịnh Đông, Thị xã Cam Ranh"
654410,ÐLBD Cam Ranh số 23,"Khóm 3, Phường Ba Ngòi, Thị xã Cam Ranh"
655341,BĐVHX Suối Cát,"Thôn Tân Xương, Xã Suối Cát, Huyện Cam Lâm"
653810,BĐVHX Diên Thọ,"Thôn Phước Lương, Xã Diên Thọ, Huyện Diên Khánh"
653197,ÐLBD Ninh Hoà 13,"Thôn Lam Sơn, Xã Ninh Sim, Huyện Ninh Hoà"
653280,GD cấp 3 Ninh Ích,"Thôn Tân Đảo, Xã Ninh Ích, Huyện Ninh Hoà"
655252,ÐLBD Cam Ranh 25,"Thôn Bãi Giếng 1, Xã Cam Hải Tây, Huyện Cam Lâm"
654707,ÐLBD cam Ranh 28,"Thôn Hòa Diêm, Xã Cam Thịnh Đông, Thị xã Cam Ranh"
655201,BĐVHX Cam An Bắc,"Thôn Cửa Tùng, Xã Cam An Bắc, Huyện Cam Lâm"
653356,ÐLBD Ninh Hòa 19,"Thôn Ninh Tịnh, Xã Ninh Phước, Huyện Ninh Hoà"
655250,BĐVHX Cam Hải Tây,"Thôn Tân Hải, Xã Cam Hải Tây, Huyện Cam Lâm"
655353,ÐLBD Diên Khánh 08,"Đội 4 Thôn Dầu Sơn, Xã Suối Tân, Huyện Cam Lâm"
651380,ÐLBD Số 27,"Số 8 Tổ 8, Phường Ngọc Hiệp, Thành phố Nha Trang"
651720,ÐLBD Số 31,"Thôn Vĩnh Châu, Xã Vĩnh Hiệp, Thành phố Nha Trang"
655310,BĐVHX Cam Thành Bắc,"Thôn Tân Quí, Xã Cam Thành Bắc, Huyện Cam Lâm"
654531,ÐLBD Cam Ranh 8,"Khóm Mỹ Ca, Phường Cam Nghĩa, Thị xã Cam Ranh"
654400,GD cấp 2 Cam Ranh,"01 Đường Nguyễn Trọng Kỷ, Phường Cam Lợi, Thị xã Cam Ranh"
654440,ÐLBD Cam Ranh 3,"Đường 22 Tháng 8, Phường Cam Linh, Thị xã Cam Ranh"
653580,GD cấp 3 Vạn Thọ,"Thôn Cổ Mã, Xã Vạn Thọ, Huyện Vạn Ninh"
651660,ÐLBD Số 13,"97 Đường 23 Tháng 10, Phường Phương Sơn, Thành phố Nha Trang"
653510,KT cấp 2 Vạn Ninh,"Khóm 4, Thị Trấn Vạn Giã, Huyện Vạn Ninh"
653555,BĐVHX Vạn Long,"Thôn Hải Triều, Xã Vạn Long, Huyện Vạn Ninh"
654490,GD cấp 3 Cam Phú,"Khóm Phú Thịnh, Phường Cam Phú, Thị xã Cam Ranh"
653584,ÐLBD Vạn Ninh 6,"Thôn Ninh Mã, Xã Vạn Thọ, Huyện Vạn Ninh"
654690,BĐVHX Cam Thịnh Tây,"Thôn Sông Cạn, Xã Cam Thịnh Tây, Thị xã Cam Ranh"
654467,ÐLBD Cam Ranh 15,"Đường 3/4, Phường Cam Thuận, Thị xã Cam Ranh"
653309,ÐLBD Ninh Hòa 15,"Thôn Phong Phú 1, Xã Ninh Giang, Huyện Ninh Hoà"
653352,ÐLBD Ninh Hòa 7,"Thôn Ninh Yển, Xã Ninh Phước, Huyện Ninh Hoà"
654280,BĐVHX Ba Cụm Bắc,"Thôn 2, Xã Ba Cụm Bắc, Huyện Khánh Sơn"
651693,ÐLBD Số 56,"97 Đường 23 Tháng 10, Phường Phương Sơn, Thành phố Nha Trang"
653539,ÐLBD Vạn Ninh 9,"Thôn Suối Luồng, Xã Vạn Thắng, Huyện Vạn Ninh"
652071,ÐLBD Số 6,"2A Đường Đinh Tiên Hoàng, Phường Lộc Thọ, Thành phố Nha Trang"
653700,GD cấp 2 Diên Khánh,"91 Đường Lý Tự Trọng, Thị Trấn Diên Khánh, Huyện Diên Khánh"
654110,BĐVHX Liên Sang,"Thôn Chà Liên, Xã Liên Sang, Huyện Khánh Vĩnh"
652180,ÐLBD Số 45,"110 Đường Nguyễn Thiện Thuật, Phường Lộc Thọ, Thành phố Nha Trang"
652975,ÐLBD Ninh Hòa 24,"Thôn Thạnh Danh, Xã Ninh Diêm, Huyện Ninh Hoà"
655330,BĐVHX Sơn Tân,"Thôn Suối Cốc, Xã Sơn Tân, Huyện Cam Lâm"
654800,GD cấp 3 Trường Sa,"Cụm Quân Cảng Cam Ranh, Đảo Trường Sa, Huyện Trường Sa"
654550,BĐVHX Cam Thành Nam,"Thôn Quảng Phúc, Xã Cam Thành Nam, Thị xã Cam Ranh"
654710,BĐVHX Cam Lập,"Thôn Nước Ngọt, Xã Cam Lập, Thị xã Cam Ranh"