841380,GD cấp 3 Ninh Sơn,"Ấp Ninh Thọ, Xã Ninh Sơn, Thị xã Tây Ninh"
842700,GD cấp 2 Hòa Thành,"Khu phố 4, Thị Trấn Hoà Thành, Huyện Hoà Thành"
841401,BĐVHX Thạnh Tân,"Ấp Thạnh Đông, Xã Thạnh Tân, Thị xã Tây Ninh"
841740,BĐVHX Cầu Khởi,"Ấp Khởi Hà, Xã Cầu Khởi, Huyện Dương Minh Châu"
841800,BĐVHX Bến Củi,"Ấp 2, Xã Bến Củi, Huyện Dương Minh Châu"
842031,BĐVHX Tân Hưng,"Ấp Tân Lợi, Xã Tân Hưng, Huyện Tân Châu"
841181,ÐLBD Cư Trú,"E61/2D Ấp Ninh Đức, Xã Ninh Thạnh, Thị xã Tây Ninh"
843100,GD cấp 2 Gò Dầu,"Ấp Thanh Hà, Thị Trấn Gò Dầu, Huyện Gò Dầu"
841990,BĐVHX Tân Hội,"Ấp Hội Phú, Xã Tân Hội, Huyện Tân Châu"
842500,GD cấp 3 Thành Long,"Tổ 1 Ấp Thành Trung, Xã Thành Long, Huyện Châu Thành"
842480,BĐVHX Hòa Thạnh,"Tổ 3 Ấp Hiệp Phước, Xã Hoà Thạnh, Huyện Châu Thành"
843360,BĐVHX Đôn Thuận,"Ấp Sóc Lào, Xã Đôn Thuận, Huyện Trảng Bàng"
842998,BĐVHX An Thạnh,"Ấp Chánh, Xã An Thạnh, Huyện Bến Cầu"
841385,ÐLBD Ninh Tân,"36/3 Ấp Ninh Tân, Xã Ninh Sơn, Thị xã Tây Ninh"
842560,GD cấp 3 An Cơ,"Tổ 6 Ấp Vịnh, Xã An Cơ, Huyện Châu Thành"
842736,ÐLBD Ngã Tư Ao Hồ,"F55/6C Ấp Hiệp An, Xã Hiệp Tân, Huyện Hoà Thành"
842737,ÐLBD Phổ Đà Sơn,"D24/3 Ấp Hiệp An, Xã Hiệp Tân, Huyện Hoà Thành"
843458,ÐLBD Suối Sâu 1,"Ấp Suối Sâu, Xã An Tịnh, Huyện Trảng Bàng"
842290,GD cấp 3 Mỏ Công,"Ấp Một, Xã Mỏ Công, Huyện Tân Biên"
842520,BĐVHX Ninh Điền,"Tổ 1 Ấp Gò Nổi, Xã Ninh Điền, Huyện Châu Thành"
842774,ÐLBD Long Hải,"7/8 Ấp Long Bình, Xã Long Thành Nam, Huyện Hoà Thành"
841810,BĐVHX Suối Đá,"Ấp Phước Bình 1, Xã Suối Đá, Huyện Dương Minh Châu"
841391,BĐVHX Tân Bình,"Ấp Tân Trung, Xã Tân Bình, Thị xã Tây Ninh"
842710,GD cấp 3 Cửa Số 2,"Khu phố 4, Thị Trấn Hoà Thành, Huyện Hoà Thành"
842410,BĐVHX Đồng Khởi,"Tổ 7 Ấp Tua Hai, Xã Đồng Khởi, Huyện Châu Thành"
841390,BĐVHX Trà Phí,"Ấp Tân Hòa, Xã Tân Bình, Thị xã Tây Ninh"
842000,BĐVHX Tân Hà,"Ấp Tân Dũng, Xã Tân Hà, Huyện Tân Châu"
842210,BĐVHX Thạnh Bình,"Ấp Thạnh Hòa, Xã Thạnh Bình, Huyện Tân Biên"
842533,ÐLBD Thanh Phước,"D28/4 Ấp Thanh Phước, Xã Thanh Điền, Huyện Châu Thành"
842416,ÐLBD Ngã 3 Vịnh,"N1/43 Ấp Tua Hai, Xã Đồng Khởi, Huyện Châu Thành"
842705,ÐLBD Số 8 Cua Lý Bơ,"30/1A Khu phố 4, Thị Trấn Hoà Thành, Huyện Hoà Thành"
842722,ÐLBD Long Thành Bắc,"Ấp Long Thời, Xã Long Thành Bắc, Huyện Hoà Thành"
842027,ÐLBD Tân Phú,"Ấp Tân Xuân, Xã Tân Phú, Huyện Tân Châu"
842731,ÐLBD Duy Khanh,"M67/3 Ấp Hiệp Hòa, Xã Hiệp Tân, Huyện Hoà Thành"
841384,ÐLBD Ninh Trung,"437/6 Ấp Ninh Trung, Xã Ninh Sơn, Thị xã Tây Ninh"
841745,ÐLBD Khởi Hà,"Ấp Khởi Hà, Xã Cầu Khởi, Huyện Dương Minh Châu"
842735,ÐLBD Cửa Số 4,"A2/9 Ấp Hiệp An, Xã Hiệp Tân, Huyện Hoà Thành"
843461,GD cấp 3 Linh Trung III,"Ấp Suối Sâu, Xã An Tịnh, Huyện Trảng Bàng"
842411,BĐVHX Đồng Khởi 1,"Tổ 12 Ấp Cầy Xiêng, Xã Đồng Khởi, Huyện Châu Thành"
842050,BĐVHX Tân Thành,"Ấp Tân Trung, Xã Tân Thành, Huyện Tân Châu"
842760,ÐLBD Long Chí,"95/8 Ấp Long Chí, Xã Long Thành Trung, Huyện Hoà Thành"
841700,GD cấp 2 Dương Minh Châu,"Khu phố 1, Thị Trấn Dương Minh Châu, Huyện Dương Minh Châu"
842281,ÐLBD Tân Phong 1,"Ấp Mới, Xã Tân Phong, Huyện Tân Biên"
842704,ÐLBD Long Hoa,"N138/4 Khu phố 2, Thị Trấn Hoà Thành, Huyện Hoà Thành"
841400,BĐVHX Thạnh Tân 1,"Ấp Thạnh Trung, Xã Thạnh Tân, Thị xã Tây Ninh"
842713,ÐLBD Nguyễn Thái Học,"1/54D Khu phố 3, Thị Trấn Hoà Thành, Huyện Hoà Thành"
842524,ÐLBD Bến Cừ,"Ấp Bến Cừ, Xã Ninh Điền, Huyện Châu Thành"
842797,ÐLBD Ngân Giang,"65/5 Ấp Trường An, Xã Trường Tây, Huyện Hoà Thành"
843149,ÐLBD Phước Thạnh,"Ấp Phước Hội, Xã Phước Thạnh, Huyện Gò Dầu"
841960,GD cấp 3 Tân Đông,"Ấp Đông Tiến, Xã Tân Đông, Huyện Tân Châu"
842280,BĐVHX Tân Phong,"Ấp Sân Bay, Xã Tân Phong, Huyện Tân Biên"
842806,ÐLBD Ngã ba Thiên Thọ Lộ,"ÔI 13/12 Ấp Trường Ân, Xã Trường Đông, Huyện Hoà Thành"
843012,ÐLBD Ánh Xuân,"Ấp Voi, Xã An Thạnh, Huyện Bến Cầu"
842706,ÐLBD Bến Xe Hòa Thành,"F97/1 Khu phố 2, Thị Trấn Hoà Thành, Huyện Hoà Thành"
842752,ÐLBD Long Thành Trung,"G1/33B Ấp Long Thới, Xã Long Thành Trung, Huyện Hoà Thành"
842997,ÐLBD Chợ An Thạnh,"Ấp Chánh, Xã An Thạnh, Huyện Bến Cầu"
843460,ÐLBD Ngã 3 Cây Khế,"Ấp An Thành, Xã An Tịnh, Huyện Trảng Bàng"
843171,BĐVHX Bàu Đồn,"Ấp 6, Xã Bàu Đồn, Huyện Gò Dầu"
842310,BĐVHX Trà Vong,"Ấp Suối Ông Đình, Xã Trà Vong, Huyện Tân Biên"
841730,BĐVHX Chà Là,"Ấp Ninh Hưng 2, Xã Chà Là, Huyện Dương Minh Châu"
842753,ÐLBD Long Thới,"D4/1 Ấp Long Thới, Xã Long Thành Trung, Huyện Hoà Thành"
842020,BĐVHX Tân Phú,"Ấp Tân Hòa, Xã Tân Phú, Huyện Tân Châu"
842240,BĐVHX Thạnh Tây,"Ấp Thạnh Trung, Xã Thạnh Tây, Huyện Tân Biên"
843020,ÐLBD Châu Anh,"Khu phố 2, Thị Trấn Bến Cầu, Huyện Bến Cầu"
843120,BĐVHX Thanh Phước,"Ấp Cây Xoài, Xã Thanh Phước, Huyện Gò Dầu"
842964,ÐLBD Long Khánh,"Ấp Long Châu, Xã Long Khánh, Huyện Bến Cầu"
841792,ÐLBD Phước Minh,"Ấp B2, Xã Phước Minh, Huyện Dương Minh Châu"
842745,ÐLBD Lạc Long Quân,"K44/8G Ấp Hiệp Hòa, Xã Hiệp Tân, Huyện Hoà Thành"
842200,GD cấp 2 Tân Biên,"Khu phố 2, Thị Trấn Tân Biên, Huyện Tân Biên"
842030,BĐVHX Tân Hưng 1,"Ấp Tân Tây, Xã Tân Hưng, Huyện Tân Châu"
841386,ÐLBD Số 12,"258/4A Ấp Ninh Trung, Xã Ninh Sơn, Thị xã Tây Ninh"
841710,BĐVHX Phan,"Ấp Phước Tân 1, Xã Phan, Huyện Dương Minh Châu"
842429,ÐLBD Suối Muồn,"Tổ 2 Ấp Suối Muồn, Xã Thái Bình, Huyện Châu Thành"
841770,BĐVHX Phước Ninh,"Ấp Phước Tân, Xã Phước Ninh, Huyện Dương Minh Châu"
841919,ÐLBD Suối Dây,"Tổ 5 Ấp 2, Xã Suối Dây, Huyện Tân Châu"
843445,ÐLBD An Bình,"Ấp An Bình, Xã An Tịnh, Huyện Trảng Bàng"
841383,ÐLBD Ninh Thọ,"313/4 Ấp Ninh Thọ, Xã Ninh Sơn, Thị xã Tây Ninh"
842908,ÐLBD Ngọc Phước,"Khu phố 4, Thị Trấn Bến Cầu, Huyện Bến Cầu"
842993,ÐLBD 999,"Ấp Chánh, Xã An Thạnh, Huyện Bến Cầu"
843391,ÐLBD Số 2,"Ấp Chánh, Xã Gia Bình, Huyện Trảng Bàng"
842270,BĐVHX Hòa Hiệp,"Ấp Hòa Bình, Xã Hoà Hiệp, Huyện Tân Biên"
842510,KT cấp 2 Châu Thành,"Tổ 1 Khu phố 1, Thị Trấn Châu Thành, Huyện Châu Thành"
841791,BĐVHX Phước Minh,"Ấp B1, Xã Phước Minh, Huyện Dương Minh Châu"
841980,BĐVHX Tân Hiệp,"Ấp Thạnh Phú, Xã Tân Hiệp, Huyện Tân Châu"
841957,BĐVHX Tân Hòa 1,"Ấp Trảng Trai, Xã Tân Hoà, Huyện Tân Châu"
841930,BĐVHX Suối Ngô,"Ấp 2, Xã Suối Ngô, Huyện Tân Châu"
841818,BĐVHX Suối Đá 1,"Ấp Phước Bình 2, Xã Suối Đá, Huyện Dương Minh Châu"
841044,ÐLBD Thái Ninh,"146 Đường Trần Hưng Đạo, Phường 1, Thị xã Tây Ninh"
843390,BĐVHX Gia Bình,"Ấp Chánh, Xã Gia Bình, Huyện Trảng Bàng"
842211,BĐVHX Thạnh Bình 1,"Ấp Thạnh Lợi, Xã Thạnh Bình, Huyện Tân Biên"
842946,ÐLBD Gia Minh,"Ấp Xóm Khách, Xã Long Giang, Huyện Bến Cầu"
841950,BĐVHX Tân Hòa,"Ấp Tân Thuận, Xã Tân Hoà, Huyện Tân Châu"
841931,BĐVHX Suối Ngô 1,"Ấp 1, Xã Suối Ngô, Huyện Tân Châu"
842460,BĐVHX Trí Bình,"Tổ 2 Ấp Tầm Long, Xã Trí Bình, Huyện Châu Thành"
842532,BĐVHX Thanh Điền 2,"Tổ 5 Ấp Thanh Sơn, Xã Thanh Điền, Huyện Châu Thành"
842450,BĐVHX Phước Vinh,"Tổ 1 Ấp Phước Lộc, Xã Phước Vinh, Huyện Châu Thành"
842957,ÐLBD Ngã Tắc,"Ấp Ngã Tắc, Xã Long Thuận, Huyện Bến Cầu"
843400,BĐVHX Phước Chỉ,"Ấp Phước Đông, Xã Phước Chỉ, Huyện Trảng Bàng"
843370,BĐVHX An Hòa,"Ấp An Quới, Xã An Hoà, Huyện Trảng Bàng"
842531,BĐVHX Thanh Điền 1,"Tổ 7 Ấp Thanh Trung, Xã Thanh Điền, Huyện Châu Thành"
842400,GD cấp 2 Châu Thành,"Tổ 1 Khu phố 1, Thị Trấn Châu Thành, Huyện Châu Thành"
842434,BĐVHX Hảo Đước,"Tổ 1 Ấp Bàu Sen, Xã Hảo Đước, Huyện Châu Thành"
842905,ÐLBD Nhật Phong,"Khu phố 3, Thị Trấn Bến Cầu, Huyện Bến Cầu"
841161,ÐLBD Cửa Số 2,"1073 Khu phố Hiệp Nghĩa, Phường Hiệp Ninh, Thị xã Tây Ninh"
841940,ÐLBD Minh Anh,"tổ 7 Ấp 2, Xã Suối Ngô, Huyện Tân Châu"
840100,KT cấp 1 Tây Ninh,"285 Đường Cách Mạng Tháng 8, Phường 3, Thị xã Tây Ninh"
843128,ÐLBD Thanh Phước,"Tổ 28 Ấp Trâm Vàng 2, Xã Thanh Phước, Huyện Gò Dầu"
843200,KT cấp 2 Gò Dầu,"Ấp Thanh Hà, Thị Trấn Gò Dầu, Huyện Gò Dầu"
843430,BĐVHX Bình Thạnh,"Ấp Bình Hòa, Xã Bình Thạnh, Huyện Trảng Bàng"
841120,GD cấp 3 Hiệp Ninh,"799 Đường Cách Mạng Tháng 8, Phường Hiệp Ninh, Thị xã Tây Ninh"
841548,ÐLBD Bình Trung,"249 Ấp Bình Trung, Xã Bình Minh, Thị xã Tây Ninh"
843165,BĐVHX Phước Đông,"Ấp Phước Đức A, Xã Phước Đông, Huyện Gò Dầu"
842754,ÐLBD Long Trung,"B1/38B Ấp Long Thới, Xã Long Thành Trung, Huyện Hoà Thành"
842930,BĐVHX Long Chữ,"Ấp Long Hòa 1, Xã Long Chữ, Huyện Bến Cầu"
842759,ÐLBD Gia Được,"H1/14 Ấp Long Chí, Xã Long Thành Trung, Huyện Hoà Thành"
842973,ÐLBD Như Ngọc,"Ấp Phước Trung, Xã Long Phước, Huyện Bến Cầu"
842288,ÐLBD Tân Phong 3,"Ấp Cầu, Xã Tân Phong, Huyện Tân Biên"
842761,ÐLBD Sao Mai,"118/6 Ấp Long Chí, Xã Long Thành Trung, Huyện Hoà Thành"
842965,ÐLBD Long Cường,"Ấp Long Cường, Xã Long Khánh, Huyện Bến Cầu"
842714,ÐLBD Phạm Hùng,"L119/7 Khu phố 2, Thị Trấn Hoà Thành, Huyện Hoà Thành"
842773,ÐLBD Long Thành Nam,"65/5 Ấp Long Khương, Xã Long Thành Nam, Huyện Hoà Thành"
842530,BĐVHX Thanh Điền,"Tổ 5 Ấp Thanh Thuận, Xã Thanh Điền, Huyện Châu Thành"
843121,BĐVHX Thanh Phước 1,"Ấp Trâm Vàng 1, Xã Thanh Phước, Huyện Gò Dầu"
843372,ÐLBD An Hòa 1,"Ấp An Quới, Xã An Hoà, Huyện Trảng Bàng"
842999,ÐLBD Ngọc Thanh,"Ấp Chánh, Xã An Thạnh, Huyện Bến Cầu"
842701,ÐLBD Thị Trấn,"B22/4 Khu phố 1, Thị Trấn Hoà Thành, Huyện Hoà Thành"
843166,ÐLBD Phước Đông,"Ấp Phước Đức A, Xã Phước Đông, Huyện Gò Dầu"
842748,BĐVHX Hiệp Tân 1,"Ấp Hiệp An, Xã Hiệp Tân, Huyện Hoà Thành"
842707,ÐLBD Long Quý,"4/5 Khu phố 3, Thị Trấn Hoà Thành, Huyện Hoà Thành"
842940,BĐVHX Long Giang,"Ấp Cao Su, Xã Long Giang, Huyện Bến Cầu"
841045,ÐLBD Trần Hưng Đạo,"023 Đường Trần Hưng Đạo, Phường 2, Thị xã Tây Ninh"
842501,BĐVHX Thành Long,"Ấp Bắc Bến Sỏi, Xã Thành Long, Huyện Châu Thành"
842950,GD cấp 3 Long Thuận,"Ấp Long Hòa, Xã Long Thuận, Huyện Bến Cầu"
842299,ÐLBD Mỏ Công 2,"Ấp Thanh Tân, Xã Mỏ Công, Huyện Tân Biên"
841920,KT cấp 2 Tân Châu,"Khu phố 1, Thị Trấn Tân Châu, Huyện Tân Châu"
841410,GD cấp 3 Phường 1,"002 Đường Tua Hai, Phường 1, Thị xã Tây Ninh"
842550,BĐVHX Long Vĩnh,"Tổ 2 Ấp Long Châu, Xã Long Vĩnh, Huyện Châu Thành"
842770,BĐVHX Long Thành Nam 1,"12/13B Ấp Long Bình, Xã Long Thành Nam, Huyện Hoà Thành"
841900,GD cấp 2 Tân Châu,"Khu phố 1, Thị Trấn Tân Châu, Huyện Tân Châu"
842250,GD cấp 3 Tân Lập,"Ấp Tân Hòa, Xã Tân Lập, Huyện Tân Biên"
843013,ÐLBD Minh Tâm,"1294 Ấp Voi, Xã An Thạnh, Huyện Bến Cầu"
843180,ÐLBD Phát Lộc,"Ấp 5, Xã Bàu Đồn, Huyện Gò Dầu"
841720,GD cấp 3 Bàu Năng,"Ấp Ninh Hiệp, Xã Bàu Năng, Huyện Dương Minh Châu"
843444,ÐLBD Số 1,"Ấp Suối Sâu, Xã An Tịnh, Huyện Trảng Bàng"
841411,ÐLBD Bến Xe,"5A/2 Hẻm 5a22, Đường Trưng Nữ Vương, Phường 1, Thị xã Tây Ninh"
843011,ÐLBD Nhật Phong 2,"Ấp Bến, Xã An Thạnh, Huyện Bến Cầu"
842810,BĐVHX Trường Hòa,"Ấp Trường Thiện, Xã Trường Hoà, Huyện Hoà Thành"
840000,GD cấp 1 Tây Ninh,"285 Đường Cách Mạng Tháng 8, Phường 3, Thị xã Tây Ninh"
842910,ÐLBD Tiên Thuận,"Ấp Rừng Dầu, Xã Tiên Thuận, Huyện Bến Cầu"
841715,ÐLBD Phước Tân,"Ấp Phước Tân 1, Xã Phan, Huyện Dương Minh Châu"
843170,GD cấp 3 Bàu Đồn,"Ấp 5, Xã Bàu Đồn, Huyện Gò Dầu"
843340,BĐVHX Lộc Hưng,"Ấp Lộc Tân, Xã Lộc Hưng, Huyện Trảng Bàng"
842732,ÐLBD Ao Hồ,"H58/8 Ấp Hiệp Hòa, Xã Hiệp Tân, Huyện Hoà Thành"
842771,BĐVHX Long Thành Nam,"Ấp Long Yên, Xã Long Thành Nam, Huyện Hoà Thành"
842220,KT cấp 2 Tân Biên,"Khu phố 2, Thị Trấn Tân Biên, Huyện Tân Biên"
842906,ÐLBD Ngọc Linh,"Khu phố 1, Thị Trấn Bến Cầu, Huyện Bến Cầu"
842420,GD cấp 3 Thái Bình,"Tổ 1 Ấp Bình Phong, Xã Thái Bình, Huyện Châu Thành"
843150,ÐLBD Phước Hội,"Ấp Phước Hội, Xã Phước Thạnh, Huyện Gò Dầu"
841100,ÐLBD Lộ 20,"54/4B Khu phố 3, Phường 4, Thị xã Tây Ninh"
841780,BĐVHX Phước Minh 1,"Ấp B2, Xã Phước Minh, Huyện Dương Minh Châu"
841750,GD cấp 3 Lộc Ninh,"Ấp Lộc Hiệp, Xã Lộc Ninh, Huyện Dương Minh Châu"
841070,ÐLBD Hiệp Tân,"M108/4B Khu phố 4, Phường 4, Thị xã Tây Ninh"
841921,ÐLBD Ngọc Hân,"Tổ 5 Ấp 5, Xã Suối Dây, Huyện Tân Châu"
842010,BĐVHX Thạnh Đông,"Ấp Thạnh Nghĩa, Xã Thạnh Đông, Huyện Tân Châu"
842924,ÐLBD Đại lý BĐ Việt Trinh,"3208 Ấp Bàu Tép, Xã Tiên Thuận, Huyện Bến Cầu"
842746,ÐLBD Hiệp Trường,"A1/4 Ấp Hiệp Trường, Xã Hiệp Tân, Huyện Hoà Thành"
842490,BĐVHX Biên Giới,"Tổ 2 Ấp Bến Cầu, Xã Biên Giới, Huyện Châu Thành"
842744,BĐVHX Hiệp Tân,"Ấp Hiệp Định, Xã Hiệp Tân, Huyện Hoà Thành"
842762,ÐLBD Minh Hùng,"H1/15 Ấp Long Thới, Xã Long Thành Trung, Huyện Hoà Thành"
842947,ÐLBD Đồng Đất Mía,"Ấp Xóm Khách, Xã Long Giang, Huyện Bến Cầu"
843462,ÐLBD Thu Hiền,"Ấp An Phú, Xã An Tịnh, Huyện Trảng Bàng"
843450,ÐLBD An Khương 1,"Ấp An Khương, Xã An Tịnh, Huyện Trảng Bàng"
842981,BĐVHX Lợi Thuận,"Ấp Thuận Tâm, Xã Lợi Thuận, Huyện Bến Cầu"
842716,ÐLBD Khu phố 3 Thị Trấn,"2/10 Khu phố 3, Thị Trấn Hoà Thành, Huyện Hoà Thành"
842241,ÐLBD Thạnh Tây,"Ấp Thanh Nam, Xã Thạnh Tây, Huyện Tân Biên"
842260,BĐVHX Tân Bình,"Ấp Tân Thanh, Xã Tân Bình, Huyện Tân Biên"
842440,GD cấp 3 Phước Vinh,"Tổ 1 Ấp Phước Hòa, Xã Phước Vinh, Huyện Châu Thành"
843240,GD cấp 3 Cẩm Giang,"Ấp Cẩm Thắng, Xã Cẩm Giang, Huyện Gò Dầu"
843130,ÐLBD Trâm vàng 1,"Ấp Trâm Vàng 2, Xã Thanh Phước, Huyện Gò Dầu"
843181,ÐLBD Ấp 1 Bàu Đồn,"Ấp 1, Xã Bàu Đồn, Huyện Gò Dầu"
843443,ÐLBD An Thành 1,"Ấp An Thành, Xã An Tịnh, Huyện Trảng Bàng"
841820,KT cấp 2 Dương Minh Châu,"Khu phố 1, Thị Trấn Dương Minh Châu, Huyện Dương Minh Châu"
842820,KT cấp 2 Hòa Thành,"Khu phố 4, Thị Trấn Hoà Thành, Huyện Hoà Thành"
841540,BĐVHX Bình Minh,"Ấp Kinh Tế, Xã Bình Minh, Thị xã Tây Ninh"
843336,ÐLBD Lộc Khê 1,"Ấp Lộc Khê, Xã Gia Lộc, Huyện Trảng Bàng"
841910,BĐVHX Suối Dây,"Ấp 3, Xã Suối Dây, Huyện Tân Châu"
843000,ÐLBD Đoàn Kết,"Ấp Thuận Tây, Xã Lợi Thuận, Huyện Bến Cầu"
843300,GD cấp 2 Trảng Bàng,"Đường Quốc Lộ 22, Thị Trấn Trảng Bàng, Huyện Trảng Bàng"
843442,BĐVHX An Tịnh 1,"Ấp Suối Sâu, Xã An Tịnh, Huyện Trảng Bàng"
841043,ÐLBD Số 007,"007 Đường Trương Quyền, Phường 2, Thị xã Tây Ninh"
842790,BĐVHX Trường Tây,"Ấp Long Hải, Xã Trường Tây, Huyện Hoà Thành"
841760,BĐVHX Truông Mít,"Ấp Thuận An, Xã Truông Mít, Huyện Dương Minh Châu"
843115,ÐLBD Khu Phố 3,"Khu phố 3, Thị Trấn Gò Dầu, Huyện Gò Dầu"
843316,ÐLBD Ngã 3 Hai Châu,"Đường 19/26, Thị Trấn Trảng Bàng, Huyện Trảng Bàng"
843440,GD cấp 3 Khu Công Nghiệp Trảng Bàng,"Ấp An Bình, Xã An Tịnh, Huyện Trảng Bàng"
842235,BĐVHX Thạnh Bắc 1,"Ấp Bàu Bền, Xã Thạnh Bắc, Huyện Tân Biên"
842780,GD cấp 3 Giang Tân,"QL22B Ấp Long Bình, Xã Long Thành Nam, Huyện Hoà Thành"
842801,BĐVHX Trường Đông,"Ấp Trường Lưu, Xã Trường Đông, Huyện Hoà Thành"
843320,KT cấp 2 Trảng Bàng,"Đường Quốc Lộ 22, Thị Trấn Trảng Bàng, Huyện Trảng Bàng"
842800,BĐVHX Trường Đông 1,"Ấp Trường Lưu, Xã Trường Đông, Huyện Hoà Thành"
841000,ÐLBD Gia Long,"198 Đường Cách Mạng Tháng 8, Phường 2, Thị xã Tây Ninh"
843397,ÐLBD Bình Nguyên 2,"Ấp Bình Nguyên 2, Xã Gia Bình, Huyện Trảng Bàng"
843446,ÐLBD An Bình 1,"Ấp An Bình, Xã An Tịnh, Huyện Trảng Bàng"
842230,BĐVHX Thạnh Bắc,"Ấp Suối Mây, Xã Thạnh Bắc, Huyện Tân Biên"
842720,BĐVHX Long Thành Bắc,"Ấp Long Mỹ, Xã Long Thành Bắc, Huyện Hoà Thành"
841050,GD cấp 3 Phường 2,"Đường Trần Hưng Đạo, Phường 2, Thị xã Tây Ninh"
842992,ÐLBD Mặt Trời,"Ấp Chánh, Xã An Thạnh, Huyện Bến Cầu"
843160,BĐVHX Phước Đông 1,"Ấp Suối Cao, Xã Phước Đông, Huyện Gò Dầu"
842734,ÐLBD Hiệp Hòa,"K51/7C Ấp Hiệp Hòa, Xã Hiệp Tân, Huyện Hoà Thành"
841541,BĐVHX Bình Minh 1,"Ấp Bình Trung, Xã Bình Minh, Thị xã Tây Ninh"
842740,GD cấp 3 Mít Một,"QL22 Ấp Hiệp Hòa, Xã Hiệp Tân, Huyện Hoà Thành"
841180,BĐVHX Ninh Thạnh,"Ấp Ninh Hòa, Xã Ninh Thạnh, Thị xã Tây Ninh"
842935,ÐLBD Thành Long,"Ấp Long Giao, Xã Long Chữ, Huyện Bến Cầu"
843371,ÐLBD An Phú,"Ấp An Phú, Xã An Hoà, Huyện Trảng Bàng"
842751,ÐLBD Số 9,"9/7B Ấp Long Chí, Xã Long Thành Trung, Huyện Hoà Thành"
842920,KT cấp 2 Bến Cầu,"Khu phố 2, Thị Trấn Bến Cầu, Huyện Bến Cầu"
843241,BĐVHX Cẩm Giang,"Ấp Cẩm An, Xã Cẩm Giang, Huyện Gò Dầu"
843381,ÐLBD Sơn Lâm,"Ấp An Phú, Xã An Hoà, Huyện Trảng Bàng"
843351,ÐLBD Lộc Thanh 1,"Ấp Lộc Thanh, Xã Lộc Hưng, Huyện Trảng Bàng"
842956,ÐLBD Thu An,"Ấp Long Hòa, Xã Long Thuận, Huyện Bến Cầu"
842470,BĐVHX Hòa Hội,"Tổ 1 Ấp Lưu Văng Vẳng, Xã Hoà Hội, Huyện Châu Thành"
842750,BĐVHX Long Thành Trung,"QL22B Ấp Long Trung, Xã Long Thành Trung, Huyện Hoà Thành"
843441,BĐVHX An Tịnh,"Ấp An Bình, Xã An Tịnh, Huyện Trảng Bàng"
843214,ÐLBD Phước Trạch,"Ấp Bàu Vừng, Xã Phước Trạch, Huyện Gò Dầu"
843317,ÐLBD Lộc Thành 1,"21A Đường Quốc Lộ 22, Thị Trấn Trảng Bàng, Huyện Trảng Bàng"
842772,ÐLBD Lộ Bình Dương,"241/3 Ấp Long Khương, Xã Long Thành Nam, Huyện Hoà Thành"
843447,ÐLBD An Tịnh 2,"Ấp Suối Sâu, Xã An Tịnh, Huyện Trảng Bàng"
843420,BĐVHX Phước Lưu,"Ấp Gò Ngãi, Xã Phước Lưu, Huyện Trảng Bàng"
843167,ÐLBD Nguyễn Hoàng,"Ấp Phước Đức A, Xã Phước Đông, Huyện Gò Dầu"
843330,BĐVHX Gia Lộc,"Ấp Lộc Trác, Xã Gia Lộc, Huyện Trảng Bàng"
843190,GD cấp 3 Hiệp Thạnh,"Ấp Giữa, Xã Hiệp Thạnh, Huyện Gò Dầu"
843101,ÐLBD Thanh Bình,"Ấp Thanh Bình A, Thị Trấn Gò Dầu, Huyện Gò Dầu"
842028,ÐLBD Tân Hòa,"Ấp Tân Hòa, Xã Tân Phú, Huyện Tân Châu"
843140,BĐVHX Phước Thạnh,"Ấp Phước Hội, Xã Phước Thạnh, Huyện Gò Dầu"
842703,ÐLBD Cửa 8 Chợ Long Hoa,"A10/5 Khu phố 1, Thị Trấn Hoà Thành, Huyện Hoà Thành"
842907,ÐLBD Hồng Ngọc,"Khu phố 2, Thị Trấn Bến Cầu, Huyện Bến Cầu"
843220,GD cấp 3 Thạnh Đức,"Ấp Bến Đình, Xã Thạnh Đức, Huyện Gò Dầu"
842958,ÐLBD Thuý Nga,"Ấp Long Hòa, Xã Long Thuận, Huyện Bến Cầu"
842715,ÐLBD Cửa 1 Chợ Long Hoa,"140/11 Khu phố 2, Thị Trấn Hoà Thành, Huyện Hoà Thành"
842016,ÐLBD Thạnh Đông,"Tổ 2 Ấp Thạnh Hưng, Xã Thạnh Đông, Huyện Tân Châu"
842287,ÐLBD Tân Phong 2,"Ấp Sân Bay, Xã Tân Phong, Huyện Tân Biên"
842900,GD cấp 2 Bến Cầu,"Khu phố 2, Thị Trấn Bến Cầu, Huyện Bến Cầu"
843112,ÐLBD Thị trấn Gò Dầu,"2/50 Khu phố 2, Thị Trấn Gò Dầu, Huyện Gò Dầu"
843114,ÐLBD Đăng Thanh,"Ô4/47A Ấp Thanh Bình A, Thị Trấn Gò Dầu, Huyện Gò Dầu"
842702,ÐLBD Ngọc Thu,"53/1 Khu phố 4, Thị Trấn Hoà Thành, Huyện Hoà Thành"
843191,BĐVHX Hiệp Thạnh,"Ấp Cây Da, Xã Hiệp Thạnh, Huyện Gò Dầu"
843129,ÐLBD Trâm Vàng,"Ấp Trâm Vàng 2, Xã Thanh Phước, Huyện Gò Dầu"
842941,BĐVHX Long Phước,"Ấp Long Tân, Xã Long Giang, Huyện Bến Cầu"
842921,Kiốt bưu điện Tiên Thuận,"Ấp Rừng Dầu, Xã Tiên Thuận, Huyện Bến Cầu"
843470,BĐVHX Hưng Thuận,"Ấp Cầu Xe, Xã Hưng Thuận, Huyện Trảng Bàng"
842990,ÐLBD An Thạnh,"Ấp Voi, Xã An Thạnh, Huyện Bến Cầu"
843210,BĐVHX Phước Trạch,"Ấp Bàu Vừng, Xã Phước Trạch, Huyện Gò Dầu"
843113,ÐLBD Khu Phố 4,"Khu phố 4, Thị Trấn Gò Dầu, Huyện Gò Dầu"
842980,GD cấp 3 Khẩu Mộc Bài,"Ấp Thuận Tây, Xã Lợi Thuận, Huyện Bến Cầu"