921142,ÐLBD Nguyễn Trung Trực,"360 Đường Nguyễn Trung Trực, Phường Vĩnh Lạc, Thành phố Rạch Giá"
921880,BĐVHX Dương Hòa,"Ấp Hòn Heo, Xã Dương Hoà, Huyện Kiên Lương"
920000,GD cấp 1 Rạch Giá,"01 Đường Mạc Cửu, Phường Vĩnh Thanh, Thành phố Rạch Giá"
921805,ÐLBD Trương Phúc Giaó,"01 Ấp Cư Xá Cũ, Thị Trấn Kiên Lương, Huyện Kiên Lương"
922080,ÐLBD Tỉnh Lộ 28,"Đường Tỉnh Lộ 28, Phường Pháo Đài, Thị xã Hà Tiên"
921220,GD cấp 3 Rạch Sỏi,"32 Đường Cách Mạng Tháng Tám, Phường Vĩnh Lợi, Thành phố Rạch Giá"
921682,ÐLBD Mỹ Lâm,"359 Ấp Tân Điền, Xã Mỹ Lâm, Huyện Hòn Đất"
921902,ÐLBD Hòn Phụ Tử,"Ấp Ba Trại, Xã Bình An, Huyện Kiên Lương"
921216,Kiốt bưu điện Cao Đẳng Sư Phạm,"449 Đường Nguyễn Chí Thanh, Phường Rạch Sỏi, Thành phố Rạch Giá"
921811,ÐLBD Ba Hòn 4,"Ấp Ba Hòn, Thị Trấn Kiên Lương, Huyện Kiên Lương"
921460,BĐVHX Tân Hiệp A,"Ấp Kinh Tư A, Xã Tân Hiệp A, Huyện Tân Hiệp"
921700,BĐVHX Hiệp Hòa,"Ấp Hiệp Hòa, Xã Mỹ Hiệp Sơn, Huyện Hòn Đất"
922577,BĐVHX Thạnh Yên A,"Ấp Hỏa Vàm A, Xã Thạnh Yên A, Huyện U Minh Thượng"
921735,BĐVHX Mỹ Thuận,"Ấp Cản Đất, Xã Mỹ Thuận, Huyện Hòn Đất"
922524,ÐLBD Đông Thái,"Ấp Bảy Chợ, Xã Đông Thái, Huyện An Biên"
921090,BĐVHX Phi Thông,"764 Ấp Tà Tây, Xã Phi Thông, Thành phố Rạch Giá"
921400,GD cấp 2 Tân Hiệp,"Khóm B, Thị Trấn Tân Hiệp, Huyện Tân Hiệp"
922070,BĐVHX Mỹ Đức,"575 Ấp Thạch Động, Xã Mỹ Đức, Thị xã Hà Tiên"
921221,BĐVHX Vĩnh Lợi,"Đường Cao Thắng, Phường Vĩnh Lợi, Thành phố Rạch Giá"
921123,BĐVHX Vĩnh Quang,"Đường Lê Anh Xuân, Phường Vĩnh Quang, Thành phố Rạch Giá"
921512,ÐLBD Kinh 6,"Ấp Đông Lộc, Xã Thạnh Đông, Huyện Tân Hiệp"
922308,ÐLBD Rạch Hàm,"Ấp Rạch Hàm, Xã Hàm Ninh, Huyện Phú Quốc"
923821,ÐLBD Ngọc Bình,"Ấp Ngọc Bình, Xã Ngọc Chúc, Huyện Giồng Riềng"
921740,BĐVHX Lình Hùynh,"Ấp Lình Huỳnh, Xã Lình Huỳnh, Huyện Hòn Đất"
921410,BĐVHX Tân Hiệp B,"Ấp Tân Hòa A, Xã Tân Hiệp B, Huyện Tân Hiệp"
922720,BĐVHX An Minh Bắc,"Ấp An Thạnh, Xã An Minh Bắc, Huyện U Minh Thượng"
921830,BĐVHX Hòa Điền,"Ấp Thạnh Lợi, Xã Hoà Điền, Huyện Kiên Lương"
921801,ÐLBD Ba Hòn 1,"Ấp Ba Hòn, Thị Trấn Kiên Lương, Huyện Kiên Lương"
922211,ÐLBD Nguyễn Trung Trực 1,"239 Đường Hùng Vương, Thị Trấn Dương Đông, Huyện Phú Quốc"
921903,ÐLBD Ba Trại 1,"Ấp Ba Trại, Xã Bình An, Huyện Kiên Lương"
921260,ÐLBD Lê Quý Đôn,"96 Đường Lê Quý Đôn, Phường An Bình, Thành phố Rạch Giá"
921467,ÐLBD Khu Chung Cư,"Ấp Tân Quới, Xã Tân Hiệp A, Huyện Tân Hiệp"
921511,ÐLBD Đông Lộc,"119 Ấp Đông Lộc, Xã Thạnh Đông, Huyện Tân Hiệp"
922060,KT cấp 2 Hà Tiên,"03 Đường Tô Châu, Phường Đông Hồ, Thị xã Hà Tiên"
921190,GD cấp 3 An Hòa,"575 Đường Nguyễn Trung Trực, Phường An Hoà, Thành phố Rạch Giá"
922001,ÐLBD Mạc Thiên Tích,"04 Đường Trần Hầu, Phường Đông Hồ, Thị xã Hà Tiên"
923910,BĐVHX Thạnh Hòa,"Ấp Chà Rào, Xã Thạnh Hoà, Huyện Giồng Riềng"
922322,ÐLBD An Thới 3,"Khu Phố 3, Thị trấn An Thới, Huyện Phú Quốc"
921680,BĐVHX Mỹ Lâm,"Ấp Tân Điền, Xã Mỹ Lâm, Huyện Hòn Đất"
923610,BĐVHX Thới Quản,"Ấp Xuân Bình, Xã Thới Quản, Huyện Gò Quao"
921226,Kiốt bưu điện Mai Thị Hồng Hạnh,"193 Đường Mai Thị Hồng Hạnh, Phường Vĩnh Lợi, Thành phố Rạch Giá"
922120,BĐVHX Tiên Hải,"Ấp Hòn Tre, Xã Tiên Hải, Thị xã Hà Tiên"
922850,BĐVHX Vân Khánh Tây,"Ấp Kim Quy A1, Xã Vân Khánh Tây, Huyện An Minh"
921668,ÐLBD Sơn Thịnh,"Ấp Sơn Thịnh, Thị trấn Sóc Sơn, Huyện Hòn Đất"
921960,KT cấp 2 Kiên Lương,"Ấp Ngã Ba, Thị Trấn Kiên Lương, Huyện Kiên Lương"
922090,ÐLBD Tô Châu 1,"Đường Quốc Lộ 80, Phường Tô Châu, Thị xã Hà Tiên"
922072,ÐLBD Chợ Mới,"Ấp Thạch Động, Xã Mỹ Đức, Thị xã Hà Tiên"
923591,ÐLBD Châu Thành,"Ấp Châu Thành, Xã Thủy Liễu, Huyện Gò Quao"
921850,BĐVHX Đầm Chích,"Ấp Khánh Hòa, Xã Tân Khánh Hoà, Huyện Kiên Lương"
922221,BĐVHX Ông Lang,"Ấp Ông Lang, Xã Cửa Dương, Huyện Phú Quốc"
923837,ÐLBD Hòa An 1,"03 Ấp Cây Huệ, Xã Hoà An, Huyện Giồng Riềng"
922840,BĐVHX Vân Khánh,"Ấp Kim Quy B, Xã Vân Khánh, Huyện An Minh"
923379,ÐLBD Vĩnh Chánh,"103 Ấp Vĩnh Chánh, Xã Hòa Chánh, Huyện U Minh Thượng"
922216,ÐLBD Hùng Vương 2,"Đường Hùng Vương, Thị Trấn Dương Đông, Huyện Phú Quốc"
922707,ÐLBD Khu Vực I,"Khu Vực 1, Thị Trấn Thứ Mười Một, Huyện An Minh"
921681,ÐLBD Cầu Số 3,"Ấp Mỹ Hưng, Xã Mỹ Lâm, Huyện Hòn Đất"
921189,ÐLBD Tô Hiến Thành,"33 Đường Tô Hiến Thành, Phường An Hoà, Thành phố Rạch Giá"
922741,BĐVHX Đông Thạnh,"Ấp Thạnh An, Xã Đông Thạnh, Huyện An Minh"
923507,ÐLBD Phước Trung,"Ấp Phước Hưng 1, Thị Trấn Gò Quao, Huyện Gò Quao"
922000,GD cấp 2 Hà Tiên,"03 Đường Tô Châu, Phường Đông Hồ, Thị xã Hà Tiên"
922280,GD cấp 3 An Thới,"Khu Phố 3, Thị trấn An Thới, Huyện Phú Quốc"
922260,BĐVHX Cửa Cạn,"Ấp 1, Xã Cửa Cạn, Huyện Phú Quốc"
924141,BĐVHX An Sơn,"Ấp Hòn Mấu, Xã Nam Du, Huyện Kiên Hải"
924600,GD cấp 2 U Minh Thượng,"Ấp Đặng Văn Do, Xã Thạnh Yên, Huyện U Minh Thượng"
923006,ÐLBD Minh An 1,"Khu Phố Minh Phú, Thị Trấn Minh Lương, Huyện Châu Thành"
923391,ÐLBD Vĩnh Phước 4,"Ấp Vĩnh Phước II, Thị Trấn Vĩnh Thuận, Huyện Vĩnh Thuận"
921940,BĐVHX Vĩnh Phú,"Ấp Mẹt Lung, Xã Vĩnh Phú, Huyện Kiên Lương"
922071,ÐLBD Thạch Động,"Ấp Thạch Động, Xã Mỹ Đức, Thị xã Hà Tiên"
921480,ÐLBD Đông Thọ 1,"Ấp Đông Thọ A, Xã Thạnh Trị, Huyện Tân Hiệp"
922251,BĐVHX Gành Dầu,"Ấp Gành Dầu, Xã Gành Dầu, Huyện Phú Quốc"
921140,ÐLBD Lâm Quang Ky 1,"416 Đường Lâm Quang Ky, Phường Vĩnh Lạc, Thành phố Rạch Giá"
923680,BĐVHX Vĩnh Tuy,"Ấp Tân Đời, Xã Vĩnh Tuy, Huyện Gò Quao"
922201,ÐLBD Nguyễn Trung Trực,"Đường Nguyễn Trung Trực, Thị Trấn Dương Đông, Huyện Phú Quốc"
922307,BĐVHX Cây Sao,"Ấp Cây Sao, Xã Hàm Ninh, Huyện Phú Quốc"
923270,BĐVHX Tân Thuận,"Ấp Kinh 1a, Xã Tân Thuận, Huyện Vĩnh Thuận"
923530,BĐVHX Vĩnh Hòa Hưng Bắc,"Ấp 1, Xã Vĩnh Hoà Hưng Bắc, Huyện Gò Quao"
924145,ÐLBD An Phú,"Ấp An Phú, Xã Nam Du, Huyện Kiên Hải"
921143,ÐLBD Lâm Quang Ky,"287 Đường Lâm Quang Ky, Phường Vĩnh Lạc, Thành phố Rạch Giá"
921973,BĐVHX Rạch Đùng,"Ấp Rạch Đùng, Xã Bình Trị, Huyện Kiên Lương"
922086,GD cấp 3 Mũi Nai,"Đường Chữ T, Phường Pháo Đài, Thị xã Hà Tiên"
921610,BĐVHX Nam Thái Sơn,"Ấp Sơn Hòa, Xã Nam Thái Sơn, Huyện Hòn Đất"
923509,ÐLBD Phước Thới,"129 Ấp Phước Thới, Thị Trấn Gò Quao, Huyện Gò Quao"
921281,ÐLBD Nguyễn Thái Học,"08 Đường Nguyễn Thái Học, Phường Vĩnh Bảo, Thành phố Rạch Giá"
923342,BĐVHX Vĩnh Phong,"Ấp Cạnh Đền1, Xã Vĩnh Phong, Huyện Vĩnh Thuận"
923630,BĐVHX Vĩnh Phước A,"Ấp Phước Minh, Xã Vĩnh Phước A, Huyện Gò Quao"
921630,BĐVHX Bình Giang,"Ấp Kinh 4, Xã Bình Giang, Huyện Hòn Đất"
921936,BĐVHX Kênh Chín,"Ấp Kinh 9, Xã Kiên Bình, Huyện Kiên Lương"
923500,GD cấp 2 Gò Quao,"Ấp Phước Hưng 1, Thị Trấn Gò Quao, Huyện Gò Quao"
921804,ÐLBD Chợ Tròn 1,"173 Ấp Ngã Ba, Thị Trấn Kiên Lương, Huyện Kiên Lương"
921080,BĐVHX Vĩnh Thông,"Khu phố 3, Phường Vĩnh Thông, Thành phố Rạch Giá"
920100,KT cấp 1 Rạch Giá,"01 Đường Mạc Cửu, Phường Vĩnh Thanh, Thành phố Rạch Giá"
922203,ÐLBD Lý Thường Kiệt,"Đường Hùng Vương, Thị Trấn Dương Đông, Huyện Phú Quốc"
923880,BĐVHX Thạnh Lộc,"Ấp Thạnh An, Xã Thạnh Lộc, Huyện Giồng Riềng"
921657,ÐLBD Tà Lóc,"Ấp Tà Lóc, Xã Sơn Kiên, Huyện Hòn Đất"
923060,BĐVHX Thạnh Lộc,"Ấp Thạnh Hòa, Xã Thạnh Lộc, Huyện Châu Thành"
922055,ÐLBD Bến Xe 1,"Đường Nhật Tảo, Phường Bình San, Thị xã Hà Tiên"
921187,Kiốt bưu điện Chu Văn An,"203B Đường Chu Văn An, Phường An Hoà, Thành phố Rạch Giá"
921837,BĐVHX Cờ Trắng,"Ấp Cờ Trắng, Xã Hoà Điền, Huyện Kiên Lương"
922057,ÐLBD Chi Lăng 1,"63 Đường Chi Lăng, Phường Bình San, Thị xã Hà Tiên"
922290,BĐVHX Hòn Thơm,"Ấp Bãi Chướng, Xã Hòn Thơm, Huyện Phú Quốc"
921290,Kiốt bưu điện Vĩnh Lạc,"2a Đường Âu Cơ, Phường Vĩnh Lạc, Thành phố Rạch Giá"
921710,ÐLBD Hiệp Bình,"Ấp Hiệp Bình, Xã Mỹ Hiệp Sơn, Huyện Hòn Đất"
921231,BĐVHX Vĩnh Viễn,"Khu phố Vĩnh Viễn, Phường Vĩnh Hiệp, Thành phố Rạch Giá"
921230,BĐVHX Vĩnh Hiệp,"Khu phố Thông Chử, Phường Vĩnh Hiệp, Thành phố Rạch Giá"
921640,BĐVHX Thổ Sơn,"Ấp Hòn Me, Xã Thổ Sơn, Huyện Hòn Đất"
921890,GD cấp 3 Bình An,"Ấp Hòn Chông, Xã Bình An, Huyện Kiên Lương"
921900,ÐLBD Bình An,"Ấp Bãi Giếng, Xã Bình An, Huyện Kiên Lương"
923230,BĐVHX Bình Minh,"Ấp Bình Minh, Xã Vĩnh Bình Bắc, Huyện Vĩnh Thuận"
921407,ÐLBD Kinh B,"175 Khóm A, Thị Trấn Tân Hiệp, Huyện Tân Hiệp"
923550,GD cấp 3 Sóc Ven,"Ấp An Trung, Xã Định An, Huyện Gò Quao"
924640,ÐLBD Minh Kiên,"64 Ấp Minh Kiên, Xã Minh Thuận, Huyện U Minh Thượng"
921240,ÐLBD Ngô Quyền,"52 Đường Ngô Quyền, Phường Vĩnh Bảo, Thành phố Rạch Giá"
921821,ÐLBD Ba Hòn 5,"Ấp Ba Hòn, Thị Trấn Kiên Lương, Huyện Kiên Lương"
922056,ÐLBD Phương Thành,"293 Đường Phương Thành, Phường Bình San, Thị xã Hà Tiên"
921701,BĐVHX Kiên Hảo,"Ấp Kiên Hảo, Xã Mỹ Hiệp Sơn, Huyện Hòn Đất"
921930,BĐVHX Lung Lớn,"Ấp Lung Lớn, Xã Kiên Bình, Huyện Kiên Lương"
922701,ÐLBD Khu Vực II,"Khu Vực 2, Thị Trấn Thứ Mười Một, Huyện An Minh"
923140,ÐLBD Minh Phong 4,"Ấp Minh Phong, Xã Bình An, Huyện Châu Thành"
921490,GD cấp 3 Kinh Tám,"Ấp Đông Phước, Xã Thạnh Đông A, Huyện Tân Hiệp"
922277,BĐVHX Suối Lớn,"Ấp Suối Lớn, Xã Dương Tơ, Huyện Phú Quốc"
921601,ÐLBD Tri Tôn,"Ấp Tri Tôn, Thị trấn Hòn Đất, Huyện Hòn Đất"
922480,KT cấp 2 An Biên,"Khu Vực 2, Thị Trấn Thứ Ba, Huyện An Biên"
922450,BĐVHX Nam Yên,"Ấp Ba Biển B, Xã Nam Yên, Huyện An Biên"
922790,BĐVHX Thuận Hoà,"Ấp Bần B, Xã Thuận Hoà, Huyện An Minh"
923390,ÐLBD Vĩnh Phước 3,"Ấp Vĩnh Phước II, Thị Trấn Vĩnh Thuận, Huyện Vĩnh Thuận"
921471,ÐLBD Đông Thọ,"132 Ấp Đông Thọ B, Xã Thạnh Trị, Huyện Tân Hiệp"
921822,ÐLBD Ba Hòn 6,"Ấp Ba Hòn, Thị Trấn Kiên Lương, Huyện Kiên Lương"
922092,ÐLBD Bến Xe,"Đường Quốc Lộ 80, Phường Tô Châu, Thị xã Hà Tiên"
922300,BĐVHX Hàm Ninh,"Ấp Rạch Hàm, Xã Hàm Ninh, Huyện Phú Quốc"
922440,BĐVHX Tây Yên,"Ấp Thứ 1, Xã Tây Yên, Huyện An Biên"
921102,ÐLBD Nguyễn Bỉnh Khiêm,"274 Đường Nguyễn Bỉnh Khiêm, Phường Vĩnh Quang, Thành phố Rạch Giá"
921802,ÐLBD Ba Hòn 2,"Ấp Ba Hòn, Thị Trấn Kiên Lương, Huyện Kiên Lương"
921186,BĐVHX An Hòa,"66 Đường Trần Khánh Dư, Phường An Hoà, Thành phố Rạch Giá"
921491,BĐVHX Thạnh Đông A,"Ấp Thạnh An II, Xã Thạnh Đông A, Huyện Tân Hiệp"
922287,ÐLBD An Thới,"Khu Phố 1, Thị trấn An Thới, Huyện Phú Quốc"
921808,ÐLBD Ba Hòn,"Ấp Ba Hòn, Thị Trấn Kiên Lương, Huyện Kiên Lương"
922410,BĐVHX Hưng Yên,"Ấp Xẻo Rô, Xã Hưng Yên, Huyện An Biên"
923098,ÐLBD Minh Phong 2,"Ấp Minh Phong, Xã Bình An, Huyện Châu Thành"
922717,ÐLBD Đông Hưng,"Ấp 10 Chợ, Xã Đông Hưng, Huyện An Minh"
921809,ÐLBD Quốc Lộ 80,"Ấp Xà Ngách, Thị Trấn Kiên Lương, Huyện Kiên Lương"
923890,BĐVHX Thạnh Phước,"Ấp Thạnh Đông, Xã Thạnh Phước, Huyện Giồng Riềng"
921626,ÐLBD Bình thuan,"Ấp Bình Thuận, Xã Bình Sơn, Huyện Hòn Đất"
923080,GD cấp 3 Tắc Cậu,"Ấp Minh Phong, Xã Bình An, Huyện Châu Thành"
921125,ÐLBD Lý Thường Kiệt,"14 Đường Lý Thường Kiệt, Phường Vĩnh Thanh, Thành phố Rạch Giá"
921810,GD cấp 3 Ba Hòn,"Ấp Ba Hòn, Thị Trấn Kiên Lương, Huyện Kiên Lương"
923240,BĐVHX Ba Đình,"Ấp Nước Chảy, Xã Vĩnh Bình Bắc, Huyện Vĩnh Thuận"
923070,GD cấp 3 Tà Niên,"Ấp Vĩnh Thành B, Xã Vĩnh Hoà Hiệp, Huyện Châu Thành"
923126,BĐVHX Vĩnh Hòa Phú,"Ấp Vĩnh Hoà 1, Xã Vĩnh Hòa Phú, Huyện Châu Thành"
923010,BĐVHX Giục Tượng,"Ấp Tân Bình, Xã Giục Tượng, Huyện Châu Thành"
923133,ÐLBD Hoà An,"Ấp Hòa Phú, Xã Mong Thọ, Huyện Châu Thành"
924712,ÐLBD Vĩnh Thành,"Ấp Vĩnh Thành, Xã Vĩnh Hoà, Huyện U Minh Thượng"
921670,KT cấp 2 Hòn Đất,"Ấp Chòm Sao, Thị trấn Hòn Đất, Huyện Hòn Đất"
922411,ÐLBD Xẻo Rô,"Ấp Xẻo Rô, Xã Hưng Yên, Huyện An Biên"
923097,ÐLBD An Phước,"19 Ấp Minh Phong, Xã Bình An, Huyện Châu Thành"
922220,BĐVHX Cửa Dương,"Ấp Khu Tượng, Xã Cửa Dương, Huyện Phú Quốc"
921720,BĐVHX Mỹ Phước,"Ấp Phước Thạnh, Xã Mỹ Phước, Huyện Hòn Đất"
921755,BĐVHX Mỹ Thái,"Ấp Mỹ Thái, Xã Mỹ Thái, Huyện Hòn Đất"
923031,ÐLBD Phước Lợi,"Ấp Phước Lợi, Xã Mong Thọ B, Huyện Châu Thành"
923100,BĐVHX Minh Hòa,"Ấp Bình Lợi, Xã Minh Hoà, Huyện Châu Thành"
923830,BĐVHX Hòa An,"Ấp Cây Huệ, Xã Hoà An, Huyện Giồng Riềng"
921070,ÐLBD Phạm Ngọc Thạch 1,"34A Đường Phạm Ngọc Thạch, Phường Vĩnh Thanh, Thành phố Rạch Giá"
921523,ÐLBD Đông Lộc 2,"500 Ấp Đông Lộc, Xã Thạnh Đông, Huyện Tân Hiệp"
921450,KT cấp 2 Tân Hiệp,"Khóm B, Thị Trấn Tân Hiệp, Huyện Tân Hiệp"
923392,ÐLBD Vĩnh Đông,"Ấp Vĩnh Đông II, Thị Trấn Vĩnh Thuận, Huyện Vĩnh Thuận"
921451,ÐLBD Tân Lập,"01 Ấp Tân Lập, Xã Tân Hội, Huyện Tân Hiệp"
921823,ÐLBD Chợ Dài,"231 Ấp Lò Bom, Thị Trấn Kiên Lương, Huyện Kiên Lương"
921040,ÐLBD Nguyễn Bỉnh Khiêm 1,"217 Đường Nguyễn Bỉnh Khiêm, Phường Vĩnh Thanh, Thành phố Rạch Giá"
921171,ÐLBD Nguyễn Trung Trực 1,"749 Đường Nguyễn Trung Trực, Phường An Hoà, Thành phố Rạch Giá"
923831,ÐLBD Hoà An,"Ấp Cây Huệ, Xã Hoà An, Huyện Giồng Riềng"
921493,ÐLBD Kinh 7,"717 Ấp Đông Thành, Xã Thạnh Đông A, Huyện Tân Hiệp"
921702,BĐVHX Mỹ Hiệp Sơn,"Ấp Hiệp Bình, Xã Mỹ Hiệp Sơn, Huyện Hòn Đất"
923341,BĐVHX Phong Đông,"Ấp Vĩnh Thạnh, Xã Vĩnh Phong, Huyện Vĩnh Thuận"
921292,ÐLBD Lạc Hồng,"27 Đường Lạc Hồng, Phường Vĩnh Lạc, Thành phố Rạch Giá"
923030,GD cấp 3 Mong Thọ B,"Ấp Phước Ninh, Xã Mong Thọ B, Huyện Châu Thành"
923251,ÐLBD Vĩnh Tiến,"Ấp Vĩnh Tiến, Xã Vĩnh Hoà, Huyện U Minh Thượng"
923900,BĐVHX Thạnh Hưng,"Ấp Thạnh Trung, Xã Thạnh Hưng, Huyện Giồng Riềng"
921440,BĐVHX Tân Hội,"Ấp Đập Đá, Xã Tân Hội, Huyện Tân Hiệp"
922830,BĐVHX Vân Khánh Đông,"Ấp Minh Giồng, Xã Vân Khánh Đông, Huyện An Minh"
921228,ÐLBD Mai Thị Hồng Hạnh 2,"07 Đường Mai Thị Hồng Hạnh, Phường Vĩnh Lợi, Thành phố Rạch Giá"
923099,ÐLBD Minh Phong 3,"Ấp Minh Phong, Xã Bình An, Huyện Châu Thành"
923094,ÐLBD An Bình,"Ấp Minh Phong, Xã Bình An, Huyện Châu Thành"
924150,KT cấp 2 Kiên Hải,"Ấp 1, Xã Hòn Tre, Huyện Kiên Hải"
923290,BĐVHX Minh Thuận,"Ấp Minh Kiên, Xã Minh Thuận, Huyện U Minh Thượng"
922551,BĐVHX Thạnh Yên,"Ấp Xẻo Kè A, Xã Thạnh Yên, Huyện U Minh Thượng"
923210,BĐVHX Vĩnh Bình Nam,"Ấp Cái Nứa, Xã Vĩnh Bình Nam, Huyện Vĩnh Thuận"
923940,GD cấp 3 Long Thạnh,"Ấp Đồng Tràm, Xã Long Thạnh, Huyện Giồng Riềng"
923231,BĐVHX Vĩnh Bình Bắc,"Ấp Hiệp Hòa, Xã Vĩnh Bình Bắc, Huyện Vĩnh Thuận"
921069,ÐLBD Mạc Cửu,"449 Đường Mạc Cửu, Phường Vĩnh Thanh, Thành phố Rạch Giá"
922111,ÐLBD Hà Giang,"Ấp Ngã Tư, Xã Thuận Yên, Thị xã Hà Tiên"
921452,ÐLBD Tân Thọ,"Ấp Tân Thọ, Xã Tân Hội, Huyện Tân Hiệp"
921620,GD cấp 3 Bình Sơn,"Ấp Thuận Tiến, Xã Bình Sơn, Huyện Hòn Đất"
922799,ÐLBD Tám Biển,"Ấp Tám 2, Xã Thuận Hoà, Huyện An Minh"
923109,BĐVHX Minh Hưng,"Ấp Minh Hưng, Xã Minh Hoà, Huyện Châu Thành"
922470,BĐVHX Nam Thái,"Ấp Sáu Đình, Xã Nam Thái, Huyện An Biên"
923508,ÐLBD Phước Hưng,"112 Ấp Phước Hưng 1, Thị Trấn Gò Quao, Huyện Gò Quao"
922706,ÐLBD Khu Thương Mại,"Khu Vực 1, Thị Trấn Thứ Mười Một, Huyện An Minh"
922202,ÐLBD Hùng Vương,"Đường Hùng Vương, Thị Trấn Dương Đông, Huyện Phú Quốc"
921100,Kiốt bưu điện Nguyễn Thái Bình,"1119 Đường Mạc Cữu, Phường Vĩnh Quang, Thành phố Rạch Giá"
921066,Kiốt bưu điện Vĩnh Thanh,"44A Đường Võ Thị Sáu, Phường Vĩnh Thanh, Thành phố Rạch Giá"
921550,BĐVHX Tân An,"Ấp Tân Long, Xã Tân An, Huyện Tân Hiệp"
923840,BĐVHX Hòa Hưng,"Ấp Hòa Mỹ, Xã Hoà Hưng, Huyện Giồng Riềng"
923870,BĐVHX Ngọc Thuận,"Ấp Vinh Bắc, Xã Ngọc Thuận, Huyện Giồng Riềng"
923926,ÐLBD Sở Tại,"Ấp Sở Tại, Xã Bàn Tân Định, Huyện Giồng Riềng"
923980,BĐVHX Hòa Thuận,"Ấp Bình Quang, Xã Hoà Thuận, Huyện Giồng Riềng"
921803,ÐLBD Ba Hòn 3,"Ấp Hòa Lập, Thị Trấn Kiên Lương, Huyện Kiên Lương"
921144,ÐLBD Đống Đa,"186 Đường Đóng Đa, Phường Vĩnh Lạc, Thành phố Rạch Giá"
921503,ÐLBD Đông Thành 1,"Ấp Đông Thành, Xã Thạnh Đông A, Huyện Tân Hiệp"
923202,ÐLBD Vĩnh Phước,"1909 Ấp Vĩnh Phước II, Thị Trấn Vĩnh Thuận, Huyện Vĩnh Thuận"
923800,GD cấp 2 Giồng Riềng,"Khu Nội Ô, Thị Trấn Giồng Riềng, Huyện Giồng Riềng"
921282,ÐLBD Chi Lăng,"15 Đường Chi Lăng, Phường Vĩnh Bảo, Thành phố Rạch Giá"
923201,ÐLBD Chợ Vĩnh Thuận,"Ấp Vĩnh Phước II, Thị Trấn Vĩnh Thuận, Huyện Vĩnh Thuận"
922880,GD cấp 3 Xẻo Nhàu,"Ấp Xẻo Nhàu A, Xã Tân Thạnh, Huyện An Minh"
923850,BĐVHX Hòa Lợi,"Ấp Hòa Hiệp, Xã Hoà Lợi, Huyện Giồng Riềng"
922510,GD cấp 3 Thứ 7,"Ấp Bảy Chợ, Xã Đông Thái, Huyện An Biên"
921291,ÐLBD Lâm Quang Ky 2,"388A Đường Lâm Quang Ky, Phường Vĩnh Lạc, Thành phố Rạch Giá"
921840,BĐVHX Vĩnh Điều,"Ấp Cống Cả, Xã Vĩnh Điều, Huyện Kiên Lương"
921892,ÐLBD Ba Trại,"Ấp Ba Trại, Xã Bình An, Huyện Kiên Lương"
924713,ÐLBD Lô 12,"Ấp Lô 12, Xã Vĩnh Hoà, Huyện U Minh Thượng"
922270,BĐVHX Dương Tơ,"Ấp Đường Bào, Xã Dương Tơ, Huyện Phú Quốc"
921170,ÐLBD An Bình,"02 Đường Trần Khánh Dư, Phường An Hoà, Thành phố Rạch Giá"
922771,BĐVHX Chín Xáng,"Ấp 9 Xáng, Xã Đông Hoà, Huyện An Minh"
922320,GD cấp 3 Dương Đông,"24 Đường Trần Phú, Thị Trấn Dương Đông, Huyện Phú Quốc"
921920,BĐVHX Hòn Nghệ,"Ấp Bãi Chướng, Xã Hòn Nghệ, Huyện Kiên Lương"
923020,KT cấp 2 Châu Thành,"Khu Phố Minh Phú, Thị Trấn Minh Lương, Huyện Châu Thành"
921402,ÐLBD Đông Hưng 1,"31A Ấp Đông Hưng, Thị Trấn Tân Hiệp, Huyện Tân Hiệp"
922250,BĐVHX Rạch Vẹm,"Ấp Rạch Vẹm, Xã Gành Dầu, Huyện Phú Quốc"
922091,ÐLBD Tô Châu 2,"Đường Quốc Lộ 80, Phường Tô Châu, Thị xã Hà Tiên"
923207,ÐLBD Vĩnh Phước 1,"Ấp Vĩnh Phước II, Thị Trấn Vĩnh Thuận, Huyện Vĩnh Thuận"
923542,ÐLBD Ba Hồ,"Ấp 1, Xã Vĩnh Hoà Hưng Bắc, Huyện Gò Quao"
924120,GD cấp 3 Lại Sơn,"Ấp Bãi Nhà A, Xã Lại Sơn, Huyện Kiên Hải"
922310,GD cấp 3 Thổ Châu,"Ấp Bãi Ngự, Xã Thổ Châu, Huyện Phú Quốc"
923200,GD cấp 2 Vĩnh Thuận,"Ấp Vĩnh Đông II, Thị Trấn Vĩnh Thuận, Huyện Vĩnh Thuận"
924110,GD cấp 3 Nam Du,"Ấp Củ Tron, Xã An Sơn, Huyện Kiên Hải"
922490,BĐVHX Nam Thái A,"Ấp Bảy Biển, Xã Nam Thái A, Huyện An Biên"
921530,BĐVHX Thạnh Đông B,"Ấp Thạnh Đông, Xã Thạnh Đông B, Huyện Tân Hiệp"
921430,BĐVHX Tân Thành,"Ấp Tân Tiến, Xã Tân Thành, Huyện Tân Hiệp"
924140,GD cấp 3 Hòn Ngang,"Ấp An Phú, Xã Nam Du, Huyện Kiên Hải"
923057,BĐVHX Thạnh Lợi,"Ấp Thạnh Lợi, Xã Mong Thọ A, Huyện Châu Thành"
921406,ÐLBD Đông An,"353 Ấp Đông An, Thị Trấn Tân Hiệp, Huyện Tân Hiệp"
921567,ÐLBD Đông Tiến,"Ấp Đông Tiến, Thị Trấn Tân Hiệp, Huyện Tân Hiệp"
921905,ÐLBD Hòn Chông,"Ấp Hòn Chông, Xã Bình An, Huyện Kiên Lương"
923551,ÐLBD An Trung,"Ấp An Trung, Xã Định An, Huyện Gò Quao"
921200,Kiốt bưu điện Nguyễn Chí Thanh,"323 Đường Nguyễn Chí Thanh, Phường Rạch Sỏi, Thành phố Rạch Giá"
923220,KT cấp 2 Vĩnh Thuận,"Ấp Vĩnh Đông II, Thị Trấn Vĩnh Thuận, Huyện Vĩnh Thuận"
922240,BĐVHX Rạch Tràm,"Ấp Rạch Tràm, Xã Bãi Thơm, Huyện Phú Quốc"
922866,ÐLBD Cán Gáo,"Ấp 11a, Xã Đông Hưng B, Huyện An Minh"
921600,GD cấp 2 Hòn Đất,"Ấp Chòm Sao, Thị trấn Hòn Đất, Huyện Hòn Đất"
923590,BĐVHX Thủy Liễu,"Ấp Châu Thành, Xã Thủy Liễu, Huyện Gò Quao"
921910,BĐVHX Sơn Hải,"Ấp Hòn Heo, Xã Sơn Hải, Huyện Kiên Lương"
922421,ÐLBD Bàu Môn,"Ấp Bàu Môn, Xã Hưng Yên, Huyện An Biên"
924711,ÐLBD Vĩnh Tiến 1,"Ấp Vĩnh Tiến, Xã Vĩnh Hoà, Huyện U Minh Thượng"
922430,BĐVHX Tây Yên A,"Ấp Rẫy Mới, Xã Tây Yên A, Huyện An Biên"
923250,BĐVHX Vĩnh Hòa,"Ấp Vĩnh Thạnh, Xã Vĩnh Hoà, Huyện U Minh Thượng"
923670,BĐVHX Vĩnh Thắng,"Ấp Thắng Lợi, Xã Vĩnh Thắng, Huyện Gò Quao"
923340,BĐVHX Cạnh Đền 2,"Ấp Cạnh Đền 2, Xã Vĩnh Phong, Huyện Vĩnh Thuận"
922301,BĐVHX Bãi Bổn,"Ấp Bãi Bổn, Xã Hàm Ninh, Huyện Phú Quốc"
924035,BĐVHX Ngọc Hòa,"Ấp Chính Ghì, Xã Ngọc Hòa, Huyện Giồng Riềng"
921861,BĐVHX Phú Mỹ,"Ấp Trà Phô, Xã Phú Mỹ, Huyện Kiên Lương"
921650,BĐVHX Sơn Kiên,"Ấp Số 8, Xã Sơn Kiên, Huyện Hòn Đất"
921806,ÐLBD Tám Thước,"51 Ấp Tám Thước, Thị Trấn Kiên Lương, Huyện Kiên Lương"
921851,BĐVHX Tân Khánh Hòa,"Ấp Hòa Khánh, Xã Tân Khánh Hoà, Huyện Kiên Lương"
923320,BĐVHX Đập Đá,"Ấp Bờ Xáng, Xã Vĩnh Thuận, Huyện Vĩnh Thuận"
922242,BĐVHX Xà Lực,"Ấp Đá Chồng, Xã Bãi Thơm, Huyện Phú Quốc"
923370,BĐVHX Hòa Chánh,"Ấp Vĩnh Hiệp, Xã Hòa Chánh, Huyện U Minh Thượng"
921401,ÐLBD Đông Hưng,"Ấp Đông Hưng, Thị Trấn Tân Hiệp, Huyện Tân Hiệp"
922700,GD cấp 2 An Minh,"Khu Vực 2, Thị Trấn Thứ Mười Một, Huyện An Minh"
923501,ÐLBD Phước Trung 1,"Ấp Phước Trung 1, Thị Trấn Gò Quao, Huyện Gò Quao"
924710,ÐLBD Cây Bàng,"Ấp Cây Bàng, Xã Vĩnh Hoà, Huyện U Minh Thượng"
923930,BĐVHX Bàn Thạch,"Ấp Giồng Đá, Xã Bàn Thạch, Huyện Giồng Riềng"
921807,ÐLBD Chợ Tròn,"Ấp Ngã Ba, Thị Trấn Kiên Lương, Huyện Kiên Lương"
921800,GD cấp 2 Kiên Lương,"Ấp Ngã Ba, Thị Trấn Kiên Lương, Huyện Kiên Lương"
923650,BĐVHX Vĩnh Phước B,"Ấp Phước Thọ, Xã Vĩnh Phước B, Huyện Gò Quao"
923688,ÐLBD Tân Đời,"Ấp Tân Đời, Xã Vĩnh Tuy, Huyện Gò Quao"
921222,ÐLBD Mai Thị Hồng Hạnh,"99 Đường Mai Thị Hồng Hạnh, Phường Vĩnh Lợi, Thành phố Rạch Giá"
922708,ÐLBD Số 1,"Khu Vực 2, Thị Trấn Thứ Mười Một, Huyện An Minh"
924044,BĐVHX Vĩnh Phú,"Ấp Vĩnh Phước, Xã Vĩnh Phú, Huyện Giồng Riềng"
921644,ÐLBD Hòn Quéo,"Ấp Hòn Quéo, Xã Thổ Sơn, Huyện Hòn Đất"
922288,BĐVHX Bãi Sao,"Ấp 4, Thị trấn An Thới, Huyện Phú Quốc"
924601,ÐLBD Kênh Làng 2,"Ấp Kinh 4, Xã An Minh Bắc, Huyện U Minh Thượng"
924127,ÐLBD Bãi Giếng,"Ấp Bãi Giếng, Xã Lại Sơn, Huyện Kiên Hải"
923820,BĐVHX Ngọc Chúc,"Ấp Ngọc An, Xã Ngọc Chúc, Huyện Giồng Riềng"
922407,ÐLBD Khu Vực III,"0013 Khu Vực 3, Thị Trấn Thứ Ba, Huyện An Biên"
923611,BĐVHX Thới An,"Ấp Thới Trung, Xã Thới Quản, Huyện Gò Quao"
924121,BĐVHX Lại Sơn,"Ấp Bãi Giếng, Xã Lại Sơn, Huyện Kiên Hải"
922200,GD cấp 2 Phú Quốc,"10 Đường 30/4, Thị Trấn Dương Đông, Huyện Phú Quốc"
923860,BĐVHX Ngọc Thành,"Ấp Ngã Năm, Xã Ngọc Thành, Huyện Giồng Riềng"
921124,ÐLBD Nguyễn Bỉnh Khiêm 2,"194 Đường Nguyễn Bỉnh Khiêm, Phường Vĩnh Quang, Thành phố Rạch Giá"
921824,ÐLBD Ba Hòn 7,"Ấp Ba Hòn, Thị Trấn Kiên Lương, Huyện Kiên Lương"
921860,BĐVHX Trần Thệ,"Ấp Trần Thệ, Xã Phú Mỹ, Huyện Kiên Lương"
923241,ÐLBD Bình Minh,"Ấp Bình Minh, Xã Vĩnh Bình Bắc, Huyện Vĩnh Thuận"
922730,KT cấp 2 An Minh,"Khu Vực 2, Thị Trấn Thứ Mười Một, Huyện An Minh"
923096,ÐLBD Tac Cau 2,"Ấp Minh Phong, Xã Bình An, Huyện Châu Thành"
922526,ÐLBD Kênh Làng 1,"Ấp Kinh Làng Đông, Xã Đông Thái, Huyện An Biên"
922135,ÐLBD Võ Văn Ý,"32 Đường Võ Văn Ý, Phường Pháo Đài, Thị xã Hà Tiên"
922241,BĐVHX Bãi Thơm,"Ấp Bãi Thơm, Xã Bãi Thơm, Huyện Phú Quốc"
921470,BĐVHX Thạnh Trị,"Ấp Đông Thọ B, Xã Thạnh Trị, Huyện Tân Hiệp"
922117,ÐLBD Rạch Vượt,"298 Ấp Rạch Vược, Xã Thuận Yên, Thị xã Hà Tiên"
924100,GD cấp 2 Kiên Hải,"Ấp 1, Xã Hòn Tre, Huyện Kiên Hải"
924610,KT cấp 2 U Minh Thượng,"Ấp Đặng Văn Do, Xã Thạnh Yên, Huyện U Minh Thượng"
923095,ÐLBD Minh Phong 1,"Ấp Minh Phong, Xã Bình An, Huyện Châu Thành"
922222,BĐVHX Bến Tràm,"Ấp Bến Tràm, Xã Cửa Dương, Huyện Phú Quốc"
923622,ÐLBD Xuân Bình,"98 Ấp Xuân Bình, Xã Thới Quản, Huyện Gò Quao"
921063,ÐLBD Nguyễn Công Trứ,"Đường Nguyễn Công Trứ, Phường Vĩnh Thanh, Thành phố Rạch Giá"
923640,KT cấp 2 Gò Quao,"Ấp Phước Hưng 1, Thị Trấn Gò Quao, Huyện Gò Quao"
922400,GD cấp 2 An Biên,"Khu Vực 2, Thị Trấn Thứ Ba, Huyện An Biên"
922860,BĐVHX Đông Hưng B,"Ấp 11a, Xã Đông Hưng B, Huyện An Minh"
923920,BĐVHX Bàn Tân Định,"Ấp Sở Tại, Xã Bàn Tân Định, Huyện Giồng Riềng"
922136,ÐLBD Mạc Thiên Tích 1,"264 Đường Mạc Thiên Tích, Phường Pháo Đài, Thị xã Hà Tiên"
922213,ÐLBD Hùng Vương 1,"Đường Hùng Vương, Thị Trấn Dương Đông, Huyện Phú Quốc"
923218,BĐVHX Ngã 6,"Ấp Bời Lời B, Xã Vĩnh Bình Nam, Huyện Vĩnh Thuận"
923510,BĐVHX Vĩnh Hòa Hưng Nam,"Ấp 2, Xã Vĩnh Hoà Hưng Nam, Huyện Gò Quao"
924602,ÐLBD An Thạnh,"Ấp An Thạnh, Xã An Minh Bắc, Huyện U Minh Thượng"
923330,BĐVHX Vĩnh Thuận B,"Ấp 14, Xã Vĩnh Thuận, Huyện Vĩnh Thuận"
922019,BĐVHX Đông Hồ,"Đường Cừ Đức, Phường Đông Hồ, Thị xã Hà Tiên"
922330,KT cấp 2 Phú Quốc,"10 Đường 30/4, Thị Trấn Dương Đông, Huyện Phú Quốc"
922530,BĐVHX Đông Yên,"Ấp Xẻo Đước 2, Xã Đông Yên, Huyện An Biên"
922770,BĐVHX Đông Hoà,"Ấp 7 Xáng 1, Xã Đông Hoà, Huyện An Minh"
924604,ÐLBD Minh Hưng,"Ấp Trung Đòan, Xã An Minh Bắc, Huyện U Minh Thượng"
922810,BĐVHX Đông Hưng A,"Ấp Ngọc Hải, Xã Đông Hưng A, Huyện An Minh"
923570,BĐVHX Định Hòa,"Ấp Hòa Mỹ, Xã Định Hòa, Huyện Gò Quao"
921510,BĐVHX Thạnh Đông,"Ấp Thạnh Tây, Xã Thạnh Đông, Huyện Tân Hiệp"
922110,BĐVHX Thuận Yên,"290 Ấp Rạch Vược, Xã Thuận Yên, Thị xã Hà Tiên"
922302,BĐVHX Bãi Vòng,"Ấp Bãi Vòng, Xã Hàm Ninh, Huyện Phú Quốc"
923130,BĐVHX Mong Thọ B,"Ấp Hòa Phú, Xã Mong Thọ, Huyện Châu Thành"
921492,ÐLBD Thạnh Đông A,"tổ 3 Ấp Đông Thành, Xã Thạnh Đông A, Huyện Tân Hiệp"
921660,GD cấp 3 Sóc Xòai,"Ấp Thị Tứ, Thị trấn Sóc Sơn, Huyện Hòn Đất"
923960,BĐVHX Vĩnh Thạnh,"Ấp Vĩnh Thành, Xã Vĩnh Thạnh, Huyện Giồng Riềng"
921479,ÐLBD Đông Thọ 2,"Ấp Đông Thọ A, Xã Thạnh Trị, Huyện Tân Hiệp"
924671,ÐLBD Công Sự,"Ấp Cạn Ngọn A, Xã Thạnh Yên, Huyện U Minh Thượng"
921950,BĐVHX Phú Lợi,"Ấp Giồng Kè, Xã Phú Lợi, Huyện Kiên Lương"
923321,BĐVHX Vĩnh Thuận,"Ấp Vĩnh Trinh, Xã Vĩnh Thuận, Huyện Vĩnh Thuận"
923000,GD cấp 2 Châu Thành,"Khu Phố Minh Phú, Thị Trấn Minh Lương, Huyện Châu Thành"
923050,BĐVHX Mong Thọ A,"Ấp Hòa Ninh, Xã Mong Thọ A, Huyện Châu Thành"
923990,KT cấp 2 Giồng Riềng,"Khu Nội Ô, Thị Trấn Giồng Riềng, Huyện Giồng Riềng"
924622,ÐLBD Vĩnh Hiệp 1,"Ấp Vĩnh Hiệp, Xã Hòa Chánh, Huyện U Minh Thượng"
923209,ÐLBD Vĩnh Phước 2,"Ấp Vĩnh Phước II, Thị Trấn Vĩnh Thuận, Huyện Vĩnh Thuận"
924672,ÐLBD Cạn Ngọn A,"Ấp Cạn Ngọn A, Xã Thạnh Yên, Huyện U Minh Thượng"